Tipo de Campaña,Conteo,Distrito,Canton,Dia,Mes,Año,Link
Fumigación,23349,Alajuela,Alajuela,,2,2024,https://www.ministeriodesalud.go.cr/index.php/prensa/61-noticias-2024/1835-estrategia-contra-el-dengue-da-resultados-positivos
Fumigación,23349,Alajuela,Alajuela,,3,2024,https://www.ministeriodesalud.go.cr/index.php/prensa/61-noticias-2024/1835-estrategia-contra-el-dengue-da-resultados-positivos
Fumigación,3107,Alajuelita,Alajuelita,,2,2024,https://www.ministeriodesalud.go.cr/index.php/prensa/61-noticias-2024/1835-estrategia-contra-el-dengue-da-resultados-positivos
Fumigación,3107,Alajuelita,Alajuelita,,3,2024,https://www.ministeriodesalud.go.cr/index.php/prensa/61-noticias-2024/1835-estrategia-contra-el-dengue-da-resultados-positivos
Fumigación,10895,Uruca (La Carpio),San Jose,,2,2024,https://www.ministeriodesalud.go.cr/index.php/prensa/61-noticias-2024/1835-estrategia-contra-el-dengue-da-resultados-positivos
Fumigación,10895,Uruca (La Carpio),San Jose,,3,2024,https://www.ministeriodesalud.go.cr/index.php/prensa/61-noticias-2024/1835-estrategia-contra-el-dengue-da-resultados-positivos
Fumigación,3335,Montecillos,Alajuela,,2,2024,https://www.ministeriodesalud.go.cr/index.php/prensa/61-noticias-2024/1835-estrategia-contra-el-dengue-da-resultados-positivos
Fumigación,3335,Montecillos,Alajuela,,3,2024,https://www.ministeriodesalud.go.cr/index.php/prensa/61-noticias-2024/1835-estrategia-contra-el-dengue-da-resultados-positivos
Fumigación,10264,Pavas,San Jose,,2,2024,https://www.ministeriodesalud.go.cr/index.php/prensa/61-noticias-2024/1835-estrategia-contra-el-dengue-da-resultados-positivos
Fumigación,10264,Pavas,San Jose,,3,2024,https://www.ministeriodesalud.go.cr/index.php/prensa/61-noticias-2024/1835-estrategia-contra-el-dengue-da-resultados-positivos
Fumigación,1935,San Miguel,Desamparados,,2,2024,https://www.ministeriodesalud.go.cr/index.php/prensa/61-noticias-2024/1835-estrategia-contra-el-dengue-da-resultados-positivos
Fumigación,1935,San Miguel,Desamparados,,3,2024,https://www.ministeriodesalud.go.cr/index.php/prensa/61-noticias-2024/1835-estrategia-contra-el-dengue-da-resultados-positivos
Fumigación,3263,Santa Ana,Santa Ana,,2,2024,https://www.ministeriodesalud.go.cr/index.php/prensa/61-noticias-2024/1835-estrategia-contra-el-dengue-da-resultados-positivos
Fumigación,3263,Santa Ana,Santa Ana,,3,2024,https://www.ministeriodesalud.go.cr/index.php/prensa/61-noticias-2024/1835-estrategia-contra-el-dengue-da-resultados-positivos
Fumigación,1850,Invu Las Cañas,Alajuela,11,3,2024,https://www.ministeriodesalud.go.cr/index.php/prensa/61-noticias-2024/1835-estrategia-contra-el-dengue-da-resultados-positivos
Fumigación,1850,Invu Las Cañas,Alajuela,12,3,2024,https://www.ministeriodesalud.go.cr/index.php/prensa/61-noticias-2024/1835-estrategia-contra-el-dengue-da-resultados-positivos
Fumigación,1850,Invu Las Cañas,Alajuela,13,3,2024,https://www.ministeriodesalud.go.cr/index.php/prensa/61-noticias-2024/1835-estrategia-contra-el-dengue-da-resultados-positivos
Fumigación,1850,Invu Las Cañas,Alajuela,14,3,2024,https://www.ministeriodesalud.go.cr/index.php/prensa/61-noticias-2024/1835-estrategia-contra-el-dengue-da-resultados-positivos
Fumigación,1481,La Aurora,Alajuelita,11,3,2024,https://www.ministeriodesalud.go.cr/index.php/prensa/61-noticias-2024/1835-estrategia-contra-el-dengue-da-resultados-positivos
Fumigación,1481,La Aurora,Alajuelita,12,3,2024,https://www.ministeriodesalud.go.cr/index.php/prensa/61-noticias-2024/1835-estrategia-contra-el-dengue-da-resultados-positivos
Fumigación,1481,La Aurora,Alajuelita,13,3,2024,https://www.ministeriodesalud.go.cr/index.php/prensa/61-noticias-2024/1835-estrategia-contra-el-dengue-da-resultados-positivos
Fumigación,1481,La Aurora,Alajuelita,14,3,2024,https://www.ministeriodesalud.go.cr/index.php/prensa/61-noticias-2024/1835-estrategia-contra-el-dengue-da-resultados-positivos
Fumigación,1708,San Sebastian,San Jose,11,3,2024,https://www.ministeriodesalud.go.cr/index.php/prensa/61-noticias-2024/1835-estrategia-contra-el-dengue-da-resultados-positivos
Fumigación,1708,San Sebastian,San Jose,12,3,2024,https://www.ministeriodesalud.go.cr/index.php/prensa/61-noticias-2024/1835-estrategia-contra-el-dengue-da-resultados-positivos
Fumigación,1708,San Sebastian,San Jose,13,3,2024,https://www.ministeriodesalud.go.cr/index.php/prensa/61-noticias-2024/1835-estrategia-contra-el-dengue-da-resultados-positivos
Fumigación,1708,San Sebastian,San Jose,14,3,2024,https://www.ministeriodesalud.go.cr/index.php/prensa/61-noticias-2024/1835-estrategia-contra-el-dengue-da-resultados-positivos
Fumigación,1625,Infiernillo,Alajuela,11,3,2024,https://www.ministeriodesalud.go.cr/index.php/prensa/61-noticias-2024/1835-estrategia-contra-el-dengue-da-resultados-positivos
Fumigación,1625,Infiernillo,Alajuela,12,3,2024,https://www.ministeriodesalud.go.cr/index.php/prensa/61-noticias-2024/1835-estrategia-contra-el-dengue-da-resultados-positivos
Fumigación,1625,Infiernillo,Alajuela,13,3,2024,https://www.ministeriodesalud.go.cr/index.php/prensa/61-noticias-2024/1835-estrategia-contra-el-dengue-da-resultados-positivos
Fumigación,1625,Infiernillo,Alajuela,14,3,2024,https://www.ministeriodesalud.go.cr/index.php/prensa/61-noticias-2024/1835-estrategia-contra-el-dengue-da-resultados-positivos
Fumigación,968,San Jose,Alajuela,11,3,2024,https://www.ministeriodesalud.go.cr/index.php/prensa/61-noticias-2024/1835-estrategia-contra-el-dengue-da-resultados-positivos
Fumigación,968,San Jose,Alajuela,12,3,2024,https://www.ministeriodesalud.go.cr/index.php/prensa/61-noticias-2024/1835-estrategia-contra-el-dengue-da-resultados-positivos
Fumigación,968,San Jose,Alajuela,13,3,2024,https://www.ministeriodesalud.go.cr/index.php/prensa/61-noticias-2024/1835-estrategia-contra-el-dengue-da-resultados-positivos
Fumigación,968,San Jose,Alajuela,14,3,2024,https://www.ministeriodesalud.go.cr/index.php/prensa/61-noticias-2024/1835-estrategia-contra-el-dengue-da-resultados-positivos
Fumigación,2913,,Turrialba,7,10,2024,https://www.ministeriodesalud.go.cr/index.php/prensa/61-noticias-2024/1967-salud-realizo-24-561-fumigaciones-en-una-semana
Fumigación,2913,,Turrialba,8,10,2024,https://www.ministeriodesalud.go.cr/index.php/prensa/61-noticias-2024/1967-salud-realizo-24-561-fumigaciones-en-una-semana
Fumigación,2913,,Turrialba,9,10,2024,https://www.ministeriodesalud.go.cr/index.php/prensa/61-noticias-2024/1967-salud-realizo-24-561-fumigaciones-en-una-semana
Fumigación,2913,,Turrialba,10,10,2024,https://www.ministeriodesalud.go.cr/index.php/prensa/61-noticias-2024/1967-salud-realizo-24-561-fumigaciones-en-una-semana
Fumigación,2913,,Turrialba,11,10,2024,https://www.ministeriodesalud.go.cr/index.php/prensa/61-noticias-2024/1967-salud-realizo-24-561-fumigaciones-en-una-semana
Fumigación,2913,,Turrialba,12,10,2024,https://www.ministeriodesalud.go.cr/index.php/prensa/61-noticias-2024/1967-salud-realizo-24-561-fumigaciones-en-una-semana
Fumigación,8.275,,Alajuela,7,10,2024,https://www.ministeriodesalud.go.cr/index.php/prensa/61-noticias-2024/1967-salud-realizo-24-561-fumigaciones-en-una-semana
Fumigación,8.275,,Alajuela,8,10,2024,https://www.ministeriodesalud.go.cr/index.php/prensa/61-noticias-2024/1967-salud-realizo-24-561-fumigaciones-en-una-semana
Fumigación,8.275,,Alajuela,9,10,2024,https://www.ministeriodesalud.go.cr/index.php/prensa/61-noticias-2024/1967-salud-realizo-24-561-fumigaciones-en-una-semana
Fumigación,8.275,,Alajuela,10,10,2024,https://www.ministeriodesalud.go.cr/index.php/prensa/61-noticias-2024/1967-salud-realizo-24-561-fumigaciones-en-una-semana
Fumigación,8.275,,Alajuela,11,10,2024,https://www.ministeriodesalud.go.cr/index.php/prensa/61-noticias-2024/1967-salud-realizo-24-561-fumigaciones-en-una-semana
Fumigación,8.275,,Alajuela,12,10,2024,https://www.ministeriodesalud.go.cr/index.php/prensa/61-noticias-2024/1967-salud-realizo-24-561-fumigaciones-en-una-semana
Fumigación,8.275,,Atenas,7,10,2024,https://www.ministeriodesalud.go.cr/index.php/prensa/61-noticias-2024/1967-salud-realizo-24-561-fumigaciones-en-una-semana
Fumigación,8.275,,Atenas,8,10,2024,https://www.ministeriodesalud.go.cr/index.php/prensa/61-noticias-2024/1967-salud-realizo-24-561-fumigaciones-en-una-semana
Fumigación,8.275,,Atenas,9,10,2024,https://www.ministeriodesalud.go.cr/index.php/prensa/61-noticias-2024/1967-salud-realizo-24-561-fumigaciones-en-una-semana
Fumigación,8.275,,Atenas,10,10,2024,https://www.ministeriodesalud.go.cr/index.php/prensa/61-noticias-2024/1967-salud-realizo-24-561-fumigaciones-en-una-semana
Fumigación,8.275,,Atenas,11,10,2024,https://www.ministeriodesalud.go.cr/index.php/prensa/61-noticias-2024/1967-salud-realizo-24-561-fumigaciones-en-una-semana
Fumigación,8.275,,Atenas,12,10,2024,https://www.ministeriodesalud.go.cr/index.php/prensa/61-noticias-2024/1967-salud-realizo-24-561-fumigaciones-en-una-semana
Fumigación,8.275,,Grecia,7,10,2024,https://www.ministeriodesalud.go.cr/index.php/prensa/61-noticias-2024/1967-salud-realizo-24-561-fumigaciones-en-una-semana
Fumigación,8.275,,Grecia,8,10,2024,https://www.ministeriodesalud.go.cr/index.php/prensa/61-noticias-2024/1967-salud-realizo-24-561-fumigaciones-en-una-semana
Fumigación,8.275,,Grecia,9,10,2024,https://www.ministeriodesalud.go.cr/index.php/prensa/61-noticias-2024/1967-salud-realizo-24-561-fumigaciones-en-una-semana
Fumigación,8.275,,Grecia,10,10,2024,https://www.ministeriodesalud.go.cr/index.php/prensa/61-noticias-2024/1967-salud-realizo-24-561-fumigaciones-en-una-semana
Fumigación,8.275,,Grecia,11,10,2024,https://www.ministeriodesalud.go.cr/index.php/prensa/61-noticias-2024/1967-salud-realizo-24-561-fumigaciones-en-una-semana
Fumigación,8.275,,Grecia,12,10,2024,https://www.ministeriodesalud.go.cr/index.php/prensa/61-noticias-2024/1967-salud-realizo-24-561-fumigaciones-en-una-semana
Fumigación,13.373,,Desamparados,7,10,2024,https://www.ministeriodesalud.go.cr/index.php/prensa/61-noticias-2024/1967-salud-realizo-24-561-fumigaciones-en-una-semana
Fumigación,13.373,,Desamparados,8,10,2024,https://www.ministeriodesalud.go.cr/index.php/prensa/61-noticias-2024/1967-salud-realizo-24-561-fumigaciones-en-una-semana
Fumigación,13.373,,Desamparados,9,10,2024,https://www.ministeriodesalud.go.cr/index.php/prensa/61-noticias-2024/1967-salud-realizo-24-561-fumigaciones-en-una-semana
Fumigación,13.373,,Desamparados,10,10,2024,https://www.ministeriodesalud.go.cr/index.php/prensa/61-noticias-2024/1967-salud-realizo-24-561-fumigaciones-en-una-semana
Fumigación,13.373,,Desamparados,11,10,2024,https://www.ministeriodesalud.go.cr/index.php/prensa/61-noticias-2024/1967-salud-realizo-24-561-fumigaciones-en-una-semana
Fumigación,13.373,,Desamparados,12,10,2024,https://www.ministeriodesalud.go.cr/index.php/prensa/61-noticias-2024/1967-salud-realizo-24-561-fumigaciones-en-una-semana
Fumigación,13.373,,Hatillos,7,10,2024,https://www.ministeriodesalud.go.cr/index.php/prensa/61-noticias-2024/1967-salud-realizo-24-561-fumigaciones-en-una-semana
Fumigación,13.373,,Hatillos,8,10,2024,https://www.ministeriodesalud.go.cr/index.php/prensa/61-noticias-2024/1967-salud-realizo-24-561-fumigaciones-en-una-semana
Fumigación,13.373,,Hatillos,9,10,2024,https://www.ministeriodesalud.go.cr/index.php/prensa/61-noticias-2024/1967-salud-realizo-24-561-fumigaciones-en-una-semana
Fumigación,13.373,,Hatillos,10,10,2024,https://www.ministeriodesalud.go.cr/index.php/prensa/61-noticias-2024/1967-salud-realizo-24-561-fumigaciones-en-una-semana
Fumigación,13.373,,Hatillos,11,10,2024,https://www.ministeriodesalud.go.cr/index.php/prensa/61-noticias-2024/1967-salud-realizo-24-561-fumigaciones-en-una-semana
Fumigación,13.373,,Hatillos,12,10,2024,https://www.ministeriodesalud.go.cr/index.php/prensa/61-noticias-2024/1967-salud-realizo-24-561-fumigaciones-en-una-semana
Fumigación,13.373,,San Sebastián,7,10,2024,https://www.ministeriodesalud.go.cr/index.php/prensa/61-noticias-2024/1967-salud-realizo-24-561-fumigaciones-en-una-semana
Fumigación,13.373,,San Sebastián,8,10,2024,https://www.ministeriodesalud.go.cr/index.php/prensa/61-noticias-2024/1967-salud-realizo-24-561-fumigaciones-en-una-semana
Fumigación,13.373,,San Sebastián,9,10,2024,https://www.ministeriodesalud.go.cr/index.php/prensa/61-noticias-2024/1967-salud-realizo-24-561-fumigaciones-en-una-semana
Fumigación,13.373,,San Sebastián,10,10,2024,https://www.ministeriodesalud.go.cr/index.php/prensa/61-noticias-2024/1967-salud-realizo-24-561-fumigaciones-en-una-semana
Fumigación,13.373,,San Sebastián,11,10,2024,https://www.ministeriodesalud.go.cr/index.php/prensa/61-noticias-2024/1967-salud-realizo-24-561-fumigaciones-en-una-semana
Fumigación,13.373,,San Sebastián,12,10,2024,https://www.ministeriodesalud.go.cr/index.php/prensa/61-noticias-2024/1967-salud-realizo-24-561-fumigaciones-en-una-semana
Fumigación,13.373,,Sureste Metropolitana,7,10,2024,https://www.ministeriodesalud.go.cr/index.php/prensa/61-noticias-2024/1967-salud-realizo-24-561-fumigaciones-en-una-semana
Fumigación,13.373,,Sureste Metropolitana,8,10,2024,https://www.ministeriodesalud.go.cr/index.php/prensa/61-noticias-2024/1967-salud-realizo-24-561-fumigaciones-en-una-semana
Fumigación,13.373,,Sureste Metropolitana,9,10,2024,https://www.ministeriodesalud.go.cr/index.php/prensa/61-noticias-2024/1967-salud-realizo-24-561-fumigaciones-en-una-semana
Fumigación,13.373,,Sureste Metropolitana,10,10,2024,https://www.ministeriodesalud.go.cr/index.php/prensa/61-noticias-2024/1967-salud-realizo-24-561-fumigaciones-en-una-semana
Fumigación,13.373,,Sureste Metropolitana,11,10,2024,https://www.ministeriodesalud.go.cr/index.php/prensa/61-noticias-2024/1967-salud-realizo-24-561-fumigaciones-en-una-semana
Fumigación,13.373,,Sureste Metropolitana,12,10,2024,https://www.ministeriodesalud.go.cr/index.php/prensa/61-noticias-2024/1967-salud-realizo-24-561-fumigaciones-en-una-semana
Fumigación,13.373,,Santa Ana,7,10,2024,https://www.ministeriodesalud.go.cr/index.php/prensa/61-noticias-2024/1967-salud-realizo-24-561-fumigaciones-en-una-semana
Fumigación,13.373,,Santa Ana,8,10,2024,https://www.ministeriodesalud.go.cr/index.php/prensa/61-noticias-2024/1967-salud-realizo-24-561-fumigaciones-en-una-semana
Fumigación,13.373,,Santa Ana,9,10,2024,https://www.ministeriodesalud.go.cr/index.php/prensa/61-noticias-2024/1967-salud-realizo-24-561-fumigaciones-en-una-semana
Fumigación,13.373,,Santa Ana,10,10,2024,https://www.ministeriodesalud.go.cr/index.php/prensa/61-noticias-2024/1967-salud-realizo-24-561-fumigaciones-en-una-semana
Fumigación,13.373,,Santa Ana,11,10,2024,https://www.ministeriodesalud.go.cr/index.php/prensa/61-noticias-2024/1967-salud-realizo-24-561-fumigaciones-en-una-semana
Fumigación,13.373,,Santa Ana,12,10,2024,https://www.ministeriodesalud.go.cr/index.php/prensa/61-noticias-2024/1967-salud-realizo-24-561-fumigaciones-en-una-semana
Recolección de llantas,,La Trinidad,Moravia,25,11,2025,https://x.com/msaludcr/status/1993339462454329374?s=20
Recolección de llantas,,Guadalupe,Goicoechea,22,11,2025,https://x.com/msaludcr/status/1991521112946344357?s=20
Recolección de llantas,,Santa Ana,Santa Ana,20,11,2025,https://x.com/msaludcr/status/1990912148592005213?s=20
Recolección de llantas,,Santa Ana,Santa Ana,21,11,2025,https://x.com/msaludcr/status/1990912148592005213?s=20
Recolección de llantas,,Santa Ana,Santa Ana,22,11,2025,https://x.com/msaludcr/status/1990912148592005213?s=20
Recolección de llantas,,Santa Ana,Santa Ana,23,11,2025,https://x.com/msaludcr/status/1990912148592005213?s=20
Recolección de llantas,,Santo Domingo,Santo Domingo,10,11,2025,https://x.com/msaludcr/status/1988292386158764242?s=20 y https://x.com/msaludcr/status/1987206481197035769?s=20
Recolección de llantas,,Santo Domingo,Santo Domingo,11,11,2025,https://x.com/msaludcr/status/1988292386158764242?s=20 y https://x.com/msaludcr/status/1987206481197035769?s=20
Recolección de llantas,,Santo Domingo,Santo Domingo,12,11,2025,https://x.com/msaludcr/status/1988292386158764242?s=20 y https://x.com/msaludcr/status/1987206481197035769?s=20
Recolección de llantas,,Santo Domingo,Santo Domingo,13,11,2025,https://x.com/msaludcr/status/1988292386158764242?s=20 y https://x.com/msaludcr/status/1987206481197035769?s=20
Recolección de llantas,,Santo Domingo,Santo Domingo,14,11,2025,https://x.com/msaludcr/status/1988292386158764242?s=20 y https://x.com/msaludcr/status/1987206481197035769?s=20
Recolección de llantas,,Santo Domingo,Santo Domingo,15,11,2025,https://x.com/msaludcr/status/1985773035610382835?s=20
Recolección de llantas,,Santo Domingo,Santo Domingo,4,11,2025,https://x.com/msaludcr/status/1985773035610382835?s=20
Recolección de llantas,,Santo Domingo,Santo Domingo,5,11,2025,https://x.com/msaludcr/status/1985773035610382835?s=20
Recolección de llantas,,Bratsi,Talamanca,13,10,2025,https://x.com/msaludcr/status/1977774744683372890?s=20
Recolección de llantas,,Bratsi,Talamanca,14,10,2025,https://x.com/msaludcr/status/1977774744683372890?s=20
Recolección de llantas,,Bratsi,Talamanca,15,10,2025,https://x.com/msaludcr/status/1977774744683372890?s=20
Recolección de llantas,,Corredor,Corredores,25,9,2025,https://x.com/msaludcr/status/1970620189768351828?s=20
Recolección de llantas,,Laurel y Naranjo,Corredores,22,9,2025,https://x.com/msaludcr/status/1969206123493539967?s=20
Recolección de llantas,,Dulce Nombre,Cartago,26,8,2025,https://x.com/msaludcr/status/1960351172381823437?s=20
Recolección de llantas,,Guaycará,Golfito,8,8,2025,https://x.com/msaludcr/status/1953109811836707132?s=20
Recolección de llantas,,Guaycará,Golfito,6,8,2025,https://x.com/msaludcr/status/1952436624048132152?s=20
Recolección de llantas,,Peñas Blancas,San Ramón,31,7,2025,https://x.com/msaludcr/status/1950224296305185271?s=20
Recolección de llantas,,Curridabat,Curridabat,31,7,2025,https://x.com/msaludcr/status/1950193342693986530?s=20
Recolección de llantas,,Desamparados,Desamparados,9,7,2025,https://x.com/msaludcr/status/1942593298176131266?s=20
Recolección de llantas,,Palmira,Carrillo,1,7,2025,https://x.com/msaludcr/status/1940047237603631322?s=21
Recolección de llantas,,Palmira,Carrillo,2,7,2025,https://x.com/msaludcr/status/1940047237603631322?s=21
Recolección de llantas,,Palmira,Carrillo,30,6,2025,https://x.com/msaludcr/status/1940047237603631322?s=20
Recolección de llantas,,Colorado,Abangares ,27,6,2025,https://x.com/msaludcr/status/1937874923445449103?s=20
Recolección de llantas,,Jacó,Garabito,26,6,2025,https://x.com/msaludcr/status/1937557667284943354?s=20
Fumigación,700,Zapote,San José,15,10,2024,https://x.com/msaludcr/status/1846666408857350609?s=20
Fumigación,1200,Hatillo,San José,15,10,2024,https://x.com/msaludcr/status/1846666408857350609?s=20
Aplicación de larvicidas y destrucción de criaderos,580,Hatillo,San José,15,10,2024,https://x.com/msaludcr/status/1846666408857350609?s=20
Fumigación,1850,,Alajuela,15,10,2024,https://x.com/msaludcr/status/1846666408857350609?s=20
Fumigación,765,,Turrialba,15,10,2024,https://x.com/msaludcr/status/1846666408857350609?s=20
Fumigación,,Alajuela,Alajuela,17,10,2024,https://x.com/msaludcr/status/1846585896730345528?s=20
Fumigación,1725,Alajuela,Alajuela,10,10,2024,https://x.com/msaludcr/status/1845857442426429447?s=20
Fumigación,475,,Santa Ana,10,10,2024,https://x.com/msaludcr/status/1845857442426429447?s=20
Aplicación de larvicidas y destrucción de criaderos,43,,Mora,10,10,2024,https://x.com/msaludcr/status/1845857442426429447?s=20
Fumigación,1600,,Alajuela,10,10,2024,https://x.com/msaludcr/status/1845857442426429447?s=20
Aplicación de larvicidas y destrucción de criaderos,145,,Atenas,10,10,2024,https://x.com/msaludcr/status/1845857442426429447?s=20
Aplicación de larvicidas y destrucción de criaderos,97,,Turrialba,10,10,2024,https://x.com/msaludcr/status/1845857442426429447?s=20
Fumigación,1775,Ciudad Colón,Mora,11,10,2024,https://x.com/msaludcr/status/1845857442426429447?s=20
Fumigación y aplicación de BTI con máquina pulverizadora,475,,Santa Ana,11,10,2024,https://x.com/msaludcr/status/1845857442426429447?s=20
Fumigación,225,,Atenas,11,10,2024,https://x.com/msaludcr/status/1845857442426429447?s=20
Aplicación de larvicidas y destrucción de criaderos,98,,Atenas,11,10,2024,https://x.com/msaludcr/status/1845857442426429447?s=20
Fumigación,461,,Turrialba,11,10,2024,https://x.com/msaludcr/status/1845857442426429447?s=20
Aplicación de larvicidas y destrucción de criaderos,71,,Turrialba,11,10,2024,https://x.com/msaludcr/status/1845857442426429447?s=20
Fumigación,1525,,Desamparados,9,10,2024,https://x.com/msaludcr/status/1844455357927534699?s=20
Fumigación,400,,Santa Ana,9,10,2024,https://x.com/msaludcr/status/1844455357927534699?s=20
Fumigación,200,,Alajuelita,9,10,2024,https://x.com/msaludcr/status/1844455357927534699?s=20
Aplicación de larvicidas y destrucción de criaderos,14,,Mora,9,10,2024,https://x.com/msaludcr/status/1844455357927534699?s=20
Fumigación,1750,,Alajuela,9,10,2024,https://x.com/msaludcr/status/1844455357927534699?s=20
Aplicación de larvicidas y destrucción de criaderos,204,,Atenas,9,10,2024,https://x.com/msaludcr/status/1844455357927534699?s=20
Fumigación,566,,Turrialba,9,10,2024,https://x.com/msaludcr/status/1844455357927534699?s=20
Visita,122,,Turrialba,9,10,2024,https://x.com/msaludcr/status/1844455357927534699?s=20
Fumigación,,Puente de Piedra,Grecia,10,10,2024,https://x.com/msaludcr/status/1844128562154176938?s=20
Fumigación,,Puente de Piedra,Grecia,11,10,2024,https://x.com/msaludcr/status/1844128562154176938?s=20
Intervención,,Pozos,Santa Ana,10,9,2024,https://x.com/msaludcr/status/1833600582889967876?s=20
Intervención,,,Turrialba,2,9,2024,https://x.com/msaludcr/status/1830687084702490788?s=20
Capacitación,,Chacarita,Puntarenas,,8,2024,https://x.com/msaludcr/status/1826036343497179373?s=20
Intervención,,Tacares,Grecia,12,6,2024,https://x.com/msaludcr/status/1801308839901331686?s=20
Intervención,,La Fortuna,San Carlos,5,3,2024,https://x.com/msaludcr/status/1769785589463703735?s=20
Intervención,,La Fortuna,San Carlos,6,3,2024,https://x.com/msaludcr/status/1769785589463703735?s=20
Intervención,,La Fortuna,San Carlos,7,3,2024,https://x.com/msaludcr/status/1769785589463703735?s=20
Intervención,,La Fortuna,San Carlos,8,3,2024,https://x.com/msaludcr/status/1769785589463703735?s=20
Intervención,,La Fortuna,San Carlos,9,3,2024,https://x.com/msaludcr/status/1769785589463703735?s=20
Intervención,,La Fortuna,San Carlos,10,3,2024,https://x.com/msaludcr/status/1769785589463703735?s=20
Intervención,,La Fortuna,San Carlos,11,3,2024,https://x.com/msaludcr/status/1769785589463703735?s=20
Intervención,,La Fortuna,San Carlos,12,3,2024,https://x.com/msaludcr/status/1769785589463703735?s=20
Intervención,,La Fortuna,San Carlos,13,3,2024,https://x.com/msaludcr/status/1769785589463703735?s=20
Intervención,,La Fortuna,San Carlos,14,3,2024,https://x.com/msaludcr/status/1769785589463703735?s=20
Intervención,,La Fortuna,San Carlos,15,3,2024,https://x.com/msaludcr/status/1769785589463703735?s=20
Intervención,,La Fortuna,San Carlos,16,3,2024,https://x.com/msaludcr/status/1769785589463703735?s=20
Intervención,,La Fortuna,San Carlos,17,3,2024,https://x.com/msaludcr/status/1769785589463703735?s=20
Intervención,,La Fortuna,San Carlos,18,3,2024,https://x.com/msaludcr/status/1769785589463703735?s=20
Intervención,,La Fortuna,San Carlos,19,3,2024,https://x.com/msaludcr/status/1769785589463703735?s=20
Intervención,,La Fortuna,San Carlos,20,3,2024,https://x.com/msaludcr/status/1769785589463703735?s=20
Intervención,,La Fortuna,San Carlos,21,3,2024,https://x.com/msaludcr/status/1769785589463703735?s=20
Intervención,,La Fortuna,San Carlos,22,3,2024,https://x.com/msaludcr/status/1769785589463703735?s=20
Intervención,,Concepción,Alajuelita,12,3,2024,https://x.com/msaludcr/status/1767591961504940209?s=20
Intervención,,Santa Rita,Río Cuarto,6,3,2024,https://x.com/msaludcr/status/1765391829225123853?s=20
Intervención,,Alajuela,Alajuela,1,3,2024,https://x.com/msaludcr/status/1763593336588234865?s=20
Intervención,,,Alajuela,29,2,2024,https://x.com/msaludcr/status/1763310442280108301?s=20
Intervención,,Alajuela,Alajuela,28,2,2024,https://x.com/msaludcr/status/1762851685448208739?s=20
Intervención,,Uruca,San José,19,2,2024,https://x.com/msaludcr/status/1759673977411158279?s=20
Fumigación,,Aguas Zarcas,San Carlos,19,6,2023,https://x.com/msaludcr/status/1670884897743859730?s=20
Fumigación,,Puerto Viejo,Sarapiquí,2,5,2023,https://www.ministeriodesalud.go.cr/index.php/prensa/60-noticias-2023/1578-salud-realizara-intervenciones-en-sarapaqui-por-circulacion-de-los-cuatro-serotipos-de-dengue
Termonebulización,,Puerto Viejo,Sarapiquí,2,5,2023,https://www.ministeriodesalud.go.cr/index.php/prensa/60-noticias-2023/1578-salud-realizara-intervenciones-en-sarapaqui-por-circulacion-de-los-cuatro-serotipos-de-dengue
Fumigación,,La Virgen,Sarapiquí,2,5,2023,https://www.ministeriodesalud.go.cr/index.php/prensa/60-noticias-2023/1578-salud-realizara-intervenciones-en-sarapaqui-por-circulacion-de-los-cuatro-serotipos-de-dengue
Termonebulización,,La Virgen,Sarapiquí,2,5,2023,https://www.ministeriodesalud.go.cr/index.php/prensa/60-noticias-2023/1578-salud-realizara-intervenciones-en-sarapaqui-por-circulacion-de-los-cuatro-serotipos-de-dengue
Fumigación,,Horquetas,Sarapiquí,2,5,2023,https://www.ministeriodesalud.go.cr/index.php/prensa/60-noticias-2023/1578-salud-realizara-intervenciones-en-sarapaqui-por-circulacion-de-los-cuatro-serotipos-de-dengue
Termonebulización,,Horquetas,Sarapiquí,2,5,2023,https://www.ministeriodesalud.go.cr/index.php/prensa/60-noticias-2023/1578-salud-realizara-intervenciones-en-sarapaqui-por-circulacion-de-los-cuatro-serotipos-de-dengue
Fumigación,,,Turrialba,19,9,2022,https://www.ministeriodesalud.go.cr/index.php/prensa/52-noticias-2022/1401-salud-continua-trabajos-en-turrialba-ante-casos-de-dengue
Eliminación de criaderos,,,Turrialba,24,9,2022,https://www.ministeriodesalud.go.cr/index.php/prensa/52-noticias-2022/1401-salud-continua-trabajos-en-turrialba-ante-casos-de-dengue
Recolección de llantas,,,Turrialba,24,9,2022,https://www.ministeriodesalud.go.cr/index.php/prensa/52-noticias-2022/1401-salud-continua-trabajos-en-turrialba-ante-casos-de-dengue
Educación,,,Turrialba,24,9,2022,https://www.ministeriodesalud.go.cr/index.php/prensa/52-noticias-2022/1401-salud-continua-trabajos-en-turrialba-ante-casos-de-dengue
Fumigación,,,Turrialba,20,9,2022,https://www.ministeriodesalud.go.cr/index.php/prensa/52-noticias-2022/1395-salud-inicia-trabajos-para-asegurar-bloqueos-en-turrialba
Fumigación ,,,Turrialba,9,9,2022,https://www.ministeriodesalud.go.cr/index.php/prensa/52-noticias-2022/1387-salud-realiza-inspecciones-en-turrialba-para-asegurar-bloqueos-ante-caso-por-dengue-tipo-4
Fumigación,,,Turrialba,21,9,2022,https://www.ministeriodesalud.go.cr/index.php/prensa/52-noticias-2022/1395-salud-inicia-trabajos-para-asegurar-bloqueos-en-turrialba
Fumigación,,,Turrialba,22,9,2022,https://www.ministeriodesalud.go.cr/index.php/prensa/52-noticias-2022/1395-salud-inicia-trabajos-para-asegurar-bloqueos-en-turrialba
Fumigación,,,Turrialba,23,9,2022,https://www.ministeriodesalud.go.cr/index.php/prensa/52-noticias-2022/1395-salud-inicia-trabajos-para-asegurar-bloqueos-en-turrialba
Fumigación,,,Turrialba,24,9,2022,https://www.ministeriodesalud.go.cr/index.php/prensa/52-noticias-2022/1395-salud-inicia-trabajos-para-asegurar-bloqueos-en-turrialba
Fumigación,,,Turrialba,25,9,2022,https://www.ministeriodesalud.go.cr/index.php/prensa/52-noticias-2022/1395-salud-inicia-trabajos-para-asegurar-bloqueos-en-turrialba
Fumigación,,,Turrialba,26,9,2022,https://www.ministeriodesalud.go.cr/index.php/prensa/52-noticias-2022/1395-salud-inicia-trabajos-para-asegurar-bloqueos-en-turrialba
Fumigación,,,Turrialba,27,9,2022,https://www.ministeriodesalud.go.cr/index.php/prensa/52-noticias-2022/1395-salud-inicia-trabajos-para-asegurar-bloqueos-en-turrialba
Fumigación,,,Turrialba,28,9,2022,https://www.ministeriodesalud.go.cr/index.php/prensa/52-noticias-2022/1395-salud-inicia-trabajos-para-asegurar-bloqueos-en-turrialba
Fumigación,,,Turrialba,29,9,2022,https://www.ministeriodesalud.go.cr/index.php/prensa/52-noticias-2022/1395-salud-inicia-trabajos-para-asegurar-bloqueos-en-turrialba
Fumigación,,,Turrialba,30,9,2022,https://www.ministeriodesalud.go.cr/index.php/prensa/52-noticias-2022/1395-salud-inicia-trabajos-para-asegurar-bloqueos-en-turrialba
Fumigación,10580,,Turrialba,20,9,2022,https://www.ministeriodesalud.go.cr/index.php/prensa/52-noticias-2022/1401-salud-continua-trabajos-en-turrialba-ante-casos-de-dengue
Fumigación,10580,,Turrialba,21,9,2022,https://www.ministeriodesalud.go.cr/index.php/prensa/52-noticias-2022/1401-salud-continua-trabajos-en-turrialba-ante-casos-de-dengue
Fumigación,10580,,Turrialba,22,9,2022,https://www.ministeriodesalud.go.cr/index.php/prensa/52-noticias-2022/1401-salud-continua-trabajos-en-turrialba-ante-casos-de-dengue
Fumigación,10580,,Turrialba,23,9,2022,https://www.ministeriodesalud.go.cr/index.php/prensa/52-noticias-2022/1401-salud-continua-trabajos-en-turrialba-ante-casos-de-dengue
Fumigación,10580,,Turrialba,24,9,2022,https://www.ministeriodesalud.go.cr/index.php/prensa/52-noticias-2022/1401-salud-continua-trabajos-en-turrialba-ante-casos-de-dengue
Fumigación,10580,,Turrialba,25,9,2022,https://www.ministeriodesalud.go.cr/index.php/prensa/52-noticias-2022/1401-salud-continua-trabajos-en-turrialba-ante-casos-de-dengue
Termonebulización,,Horquetas,Sarapiquí,3,5,2023,https://www.ministeriodesalud.go.cr/index.php/prensa/60-noticias-2023/1578-salud-realizara-intervenciones-en-sarapaqui-por-circulacion-de-los-cuatro-serotipos-de-dengue
Termonebulización,,Horquetas,Sarapiquí,4,5,2023,https://www.ministeriodesalud.go.cr/index.php/prensa/60-noticias-2023/1578-salud-realizara-intervenciones-en-sarapaqui-por-circulacion-de-los-cuatro-serotipos-de-dengue
Termonebulización,,Horquetas,Sarapiquí,5,5,2023,https://www.ministeriodesalud.go.cr/index.php/prensa/60-noticias-2023/1578-salud-realizara-intervenciones-en-sarapaqui-por-circulacion-de-los-cuatro-serotipos-de-dengue
Termonebulización,,Horquetas,Sarapiquí,6,5,2023,https://www.ministeriodesalud.go.cr/index.php/prensa/60-noticias-2023/1578-salud-realizara-intervenciones-en-sarapaqui-por-circulacion-de-los-cuatro-serotipos-de-dengue
Termonebulización,,Horquetas,Sarapiquí,7,5,2023,https://www.ministeriodesalud.go.cr/index.php/prensa/60-noticias-2023/1578-salud-realizara-intervenciones-en-sarapaqui-por-circulacion-de-los-cuatro-serotipos-de-dengue
Termonebulización,,Horquetas,Sarapiquí,8,5,2023,https://www.ministeriodesalud.go.cr/index.php/prensa/60-noticias-2023/1578-salud-realizara-intervenciones-en-sarapaqui-por-circulacion-de-los-cuatro-serotipos-de-dengue
Termonebulización,,Horquetas,Sarapiquí,9,5,2023,https://www.ministeriodesalud.go.cr/index.php/prensa/60-noticias-2023/1578-salud-realizara-intervenciones-en-sarapaqui-por-circulacion-de-los-cuatro-serotipos-de-dengue
Termonebulización,,Horquetas,Sarapiquí,10,5,2023,https://www.ministeriodesalud.go.cr/index.php/prensa/60-noticias-2023/1578-salud-realizara-intervenciones-en-sarapaqui-por-circulacion-de-los-cuatro-serotipos-de-dengue
Termonebulización,,Horquetas,Sarapiquí,11,5,2023,https://www.ministeriodesalud.go.cr/index.php/prensa/60-noticias-2023/1578-salud-realizara-intervenciones-en-sarapaqui-por-circulacion-de-los-cuatro-serotipos-de-dengue
Termonebulización,,Horquetas,Sarapiquí,12,5,2023,https://www.ministeriodesalud.go.cr/index.php/prensa/60-noticias-2023/1578-salud-realizara-intervenciones-en-sarapaqui-por-circulacion-de-los-cuatro-serotipos-de-dengue
Termonebulización,,Horquetas,Sarapiquí,13,5,2023,https://www.ministeriodesalud.go.cr/index.php/prensa/60-noticias-2023/1578-salud-realizara-intervenciones-en-sarapaqui-por-circulacion-de-los-cuatro-serotipos-de-dengue
Termonebulización,,Horquetas,Sarapiquí,14,5,2023,https://www.ministeriodesalud.go.cr/index.php/prensa/60-noticias-2023/1578-salud-realizara-intervenciones-en-sarapaqui-por-circulacion-de-los-cuatro-serotipos-de-dengue
Termonebulización,,Horquetas,Sarapiquí,15,5,2023,https://www.ministeriodesalud.go.cr/index.php/prensa/60-noticias-2023/1578-salud-realizara-intervenciones-en-sarapaqui-por-circulacion-de-los-cuatro-serotipos-de-dengue
Termonebulización,,Horquetas,Sarapiquí,16,5,2023,https://www.ministeriodesalud.go.cr/index.php/prensa/60-noticias-2023/1578-salud-realizara-intervenciones-en-sarapaqui-por-circulacion-de-los-cuatro-serotipos-de-dengue
Termonebulización,,Horquetas,Sarapiquí,17,5,2023,https://www.ministeriodesalud.go.cr/index.php/prensa/60-noticias-2023/1578-salud-realizara-intervenciones-en-sarapaqui-por-circulacion-de-los-cuatro-serotipos-de-dengue
Termonebulización,,Horquetas,Sarapiquí,18,5,2023,https://www.ministeriodesalud.go.cr/index.php/prensa/60-noticias-2023/1578-salud-realizara-intervenciones-en-sarapaqui-por-circulacion-de-los-cuatro-serotipos-de-dengue
Fumigación,,Aguas Zarcas,San Carlos,20,6,2023,https://x.com/msaludcr/status/1670884897743859730?s=20
Fumigación,,Aguas Zarcas,San Carlos,21,6,2023,https://x.com/msaludcr/status/1670884897743859730?s=20
Fumigación,,Horquetas,Sarapiquí,3,5,2023,https://www.ministeriodesalud.go.cr/index.php/prensa/60-noticias-2023/1578-salud-realizara-intervenciones-en-sarapaqui-por-circulacion-de-los-cuatro-serotipos-de-dengue
Fumigación,,Horquetas,Sarapiquí,4,5,2023,https://www.ministeriodesalud.go.cr/index.php/prensa/60-noticias-2023/1578-salud-realizara-intervenciones-en-sarapaqui-por-circulacion-de-los-cuatro-serotipos-de-dengue
Fumigación,,Horquetas,Sarapiquí,5,5,2023,https://www.ministeriodesalud.go.cr/index.php/prensa/60-noticias-2023/1578-salud-realizara-intervenciones-en-sarapaqui-por-circulacion-de-los-cuatro-serotipos-de-dengue
Fumigación,,Horquetas,Sarapiquí,6,5,2023,https://www.ministeriodesalud.go.cr/index.php/prensa/60-noticias-2023/1578-salud-realizara-intervenciones-en-sarapaqui-por-circulacion-de-los-cuatro-serotipos-de-dengue
Fumigación,,Horquetas,Sarapiquí,7,5,2023,https://www.ministeriodesalud.go.cr/index.php/prensa/60-noticias-2023/1578-salud-realizara-intervenciones-en-sarapaqui-por-circulacion-de-los-cuatro-serotipos-de-dengue
Fumigación,,Horquetas,Sarapiquí,8,5,2023,https://www.ministeriodesalud.go.cr/index.php/prensa/60-noticias-2023/1578-salud-realizara-intervenciones-en-sarapaqui-por-circulacion-de-los-cuatro-serotipos-de-dengue
Fumigación,,Horquetas,Sarapiquí,9,5,2023,https://www.ministeriodesalud.go.cr/index.php/prensa/60-noticias-2023/1578-salud-realizara-intervenciones-en-sarapaqui-por-circulacion-de-los-cuatro-serotipos-de-dengue
Fumigación,,Horquetas,Sarapiquí,10,5,2023,https://www.ministeriodesalud.go.cr/index.php/prensa/60-noticias-2023/1578-salud-realizara-intervenciones-en-sarapaqui-por-circulacion-de-los-cuatro-serotipos-de-dengue
Fumigación,,Horquetas,Sarapiquí,11,5,2023,https://www.ministeriodesalud.go.cr/index.php/prensa/60-noticias-2023/1578-salud-realizara-intervenciones-en-sarapaqui-por-circulacion-de-los-cuatro-serotipos-de-dengue
Fumigación,,Horquetas,Sarapiquí,12,5,2023,https://www.ministeriodesalud.go.cr/index.php/prensa/60-noticias-2023/1578-salud-realizara-intervenciones-en-sarapaqui-por-circulacion-de-los-cuatro-serotipos-de-dengue
Fumigación,,Horquetas,Sarapiquí,13,5,2023,https://www.ministeriodesalud.go.cr/index.php/prensa/60-noticias-2023/1578-salud-realizara-intervenciones-en-sarapaqui-por-circulacion-de-los-cuatro-serotipos-de-dengue
Fumigación,,Horquetas,Sarapiquí,14,5,2023,https://www.ministeriodesalud.go.cr/index.php/prensa/60-noticias-2023/1578-salud-realizara-intervenciones-en-sarapaqui-por-circulacion-de-los-cuatro-serotipos-de-dengue
Fumigación,,Horquetas,Sarapiquí,15,5,2023,https://www.ministeriodesalud.go.cr/index.php/prensa/60-noticias-2023/1578-salud-realizara-intervenciones-en-sarapaqui-por-circulacion-de-los-cuatro-serotipos-de-dengue
Fumigación,,Horquetas,Sarapiquí,16,5,2023,https://www.ministeriodesalud.go.cr/index.php/prensa/60-noticias-2023/1578-salud-realizara-intervenciones-en-sarapaqui-por-circulacion-de-los-cuatro-serotipos-de-dengue
Fumigación,,Horquetas,Sarapiquí,17,5,2023,https://www.ministeriodesalud.go.cr/index.php/prensa/60-noticias-2023/1578-salud-realizara-intervenciones-en-sarapaqui-por-circulacion-de-los-cuatro-serotipos-de-dengue
Termonebulización,,La Virgen,Sarapiquí,3,5,2023,https://www.ministeriodesalud.go.cr/index.php/prensa/60-noticias-2023/1578-salud-realizara-intervenciones-en-sarapaqui-por-circulacion-de-los-cuatro-serotipos-de-dengue
Termonebulización,,La Virgen,Sarapiquí,4,5,2023,https://www.ministeriodesalud.go.cr/index.php/prensa/60-noticias-2023/1578-salud-realizara-intervenciones-en-sarapaqui-por-circulacion-de-los-cuatro-serotipos-de-dengue
Termonebulización,,La Virgen,Sarapiquí,5,5,2023,https://www.ministeriodesalud.go.cr/index.php/prensa/60-noticias-2023/1578-salud-realizara-intervenciones-en-sarapaqui-por-circulacion-de-los-cuatro-serotipos-de-dengue
Termonebulización,,La Virgen,Sarapiquí,6,5,2023,https://www.ministeriodesalud.go.cr/index.php/prensa/60-noticias-2023/1578-salud-realizara-intervenciones-en-sarapaqui-por-circulacion-de-los-cuatro-serotipos-de-dengue
Termonebulización,,La Virgen,Sarapiquí,7,5,2023,https://www.ministeriodesalud.go.cr/index.php/prensa/60-noticias-2023/1578-salud-realizara-intervenciones-en-sarapaqui-por-circulacion-de-los-cuatro-serotipos-de-dengue
Termonebulización,,La Virgen,Sarapiquí,8,5,2023,https://www.ministeriodesalud.go.cr/index.php/prensa/60-noticias-2023/1578-salud-realizara-intervenciones-en-sarapaqui-por-circulacion-de-los-cuatro-serotipos-de-dengue
Termonebulización,,La Virgen,Sarapiquí,9,5,2023,https://www.ministeriodesalud.go.cr/index.php/prensa/60-noticias-2023/1578-salud-realizara-intervenciones-en-sarapaqui-por-circulacion-de-los-cuatro-serotipos-de-dengue
Termonebulización,,La Virgen,Sarapiquí,10,5,2023,https://www.ministeriodesalud.go.cr/index.php/prensa/60-noticias-2023/1578-salud-realizara-intervenciones-en-sarapaqui-por-circulacion-de-los-cuatro-serotipos-de-dengue
Termonebulización,,La Virgen,Sarapiquí,11,5,2023,https://www.ministeriodesalud.go.cr/index.php/prensa/60-noticias-2023/1578-salud-realizara-intervenciones-en-sarapaqui-por-circulacion-de-los-cuatro-serotipos-de-dengue
Termonebulización,,La Virgen,Sarapiquí,12,5,2023,https://www.ministeriodesalud.go.cr/index.php/prensa/60-noticias-2023/1578-salud-realizara-intervenciones-en-sarapaqui-por-circulacion-de-los-cuatro-serotipos-de-dengue
Termonebulización,,La Virgen,Sarapiquí,13,5,2023,https://www.ministeriodesalud.go.cr/index.php/prensa/60-noticias-2023/1578-salud-realizara-intervenciones-en-sarapaqui-por-circulacion-de-los-cuatro-serotipos-de-dengue
Termonebulización,,La Virgen,Sarapiquí,14,5,2023,https://www.ministeriodesalud.go.cr/index.php/prensa/60-noticias-2023/1578-salud-realizara-intervenciones-en-sarapaqui-por-circulacion-de-los-cuatro-serotipos-de-dengue
Termonebulización,,La Virgen,Sarapiquí,15,5,2023,https://www.ministeriodesalud.go.cr/index.php/prensa/60-noticias-2023/1578-salud-realizara-intervenciones-en-sarapaqui-por-circulacion-de-los-cuatro-serotipos-de-dengue
Termonebulización,,La Virgen,Sarapiquí,16,5,2023,https://www.ministeriodesalud.go.cr/index.php/prensa/60-noticias-2023/1578-salud-realizara-intervenciones-en-sarapaqui-por-circulacion-de-los-cuatro-serotipos-de-dengue
Termonebulización,,La Virgen,Sarapiquí,17,5,2023,https://www.ministeriodesalud.go.cr/index.php/prensa/60-noticias-2023/1578-salud-realizara-intervenciones-en-sarapaqui-por-circulacion-de-los-cuatro-serotipos-de-dengue
Termonebulización,,La Virgen,Sarapiquí,18,5,2023,https://www.ministeriodesalud.go.cr/index.php/prensa/60-noticias-2023/1578-salud-realizara-intervenciones-en-sarapaqui-por-circulacion-de-los-cuatro-serotipos-de-dengue
Fumigación,,La Virgen,Sarapiquí,3,5,2023,https://www.ministeriodesalud.go.cr/index.php/prensa/60-noticias-2023/1578-salud-realizara-intervenciones-en-sarapaqui-por-circulacion-de-los-cuatro-serotipos-de-dengue
Fumigación,,La Virgen,Sarapiquí,4,5,2023,https://www.ministeriodesalud.go.cr/index.php/prensa/60-noticias-2023/1578-salud-realizara-intervenciones-en-sarapaqui-por-circulacion-de-los-cuatro-serotipos-de-dengue
Fumigación,,La Virgen,Sarapiquí,5,5,2023,https://www.ministeriodesalud.go.cr/index.php/prensa/60-noticias-2023/1578-salud-realizara-intervenciones-en-sarapaqui-por-circulacion-de-los-cuatro-serotipos-de-dengue
Fumigación,,La Virgen,Sarapiquí,6,5,2023,https://www.ministeriodesalud.go.cr/index.php/prensa/60-noticias-2023/1578-salud-realizara-intervenciones-en-sarapaqui-por-circulacion-de-los-cuatro-serotipos-de-dengue
Fumigación,,La Virgen,Sarapiquí,7,5,2023,https://www.ministeriodesalud.go.cr/index.php/prensa/60-noticias-2023/1578-salud-realizara-intervenciones-en-sarapaqui-por-circulacion-de-los-cuatro-serotipos-de-dengue
Fumigación,,La Virgen,Sarapiquí,8,5,2023,https://www.ministeriodesalud.go.cr/index.php/prensa/60-noticias-2023/1578-salud-realizara-intervenciones-en-sarapaqui-por-circulacion-de-los-cuatro-serotipos-de-dengue
Fumigación,,La Virgen,Sarapiquí,9,5,2023,https://www.ministeriodesalud.go.cr/index.php/prensa/60-noticias-2023/1578-salud-realizara-intervenciones-en-sarapaqui-por-circulacion-de-los-cuatro-serotipos-de-dengue
Fumigación,,La Virgen,Sarapiquí,10,5,2023,https://www.ministeriodesalud.go.cr/index.php/prensa/60-noticias-2023/1578-salud-realizara-intervenciones-en-sarapaqui-por-circulacion-de-los-cuatro-serotipos-de-dengue
Fumigación,,La Virgen,Sarapiquí,11,5,2023,https://www.ministeriodesalud.go.cr/index.php/prensa/60-noticias-2023/1578-salud-realizara-intervenciones-en-sarapaqui-por-circulacion-de-los-cuatro-serotipos-de-dengue
Fumigación,,La Virgen,Sarapiquí,12,5,2023,https://www.ministeriodesalud.go.cr/index.php/prensa/60-noticias-2023/1578-salud-realizara-intervenciones-en-sarapaqui-por-circulacion-de-los-cuatro-serotipos-de-dengue
Fumigación,,La Virgen,Sarapiquí,13,5,2023,https://www.ministeriodesalud.go.cr/index.php/prensa/60-noticias-2023/1578-salud-realizara-intervenciones-en-sarapaqui-por-circulacion-de-los-cuatro-serotipos-de-dengue
Fumigación,,La Virgen,Sarapiquí,14,5,2023,https://www.ministeriodesalud.go.cr/index.php/prensa/60-noticias-2023/1578-salud-realizara-intervenciones-en-sarapaqui-por-circulacion-de-los-cuatro-serotipos-de-dengue
Fumigación,,La Virgen,Sarapiquí,15,5,2023,https://www.ministeriodesalud.go.cr/index.php/prensa/60-noticias-2023/1578-salud-realizara-intervenciones-en-sarapaqui-por-circulacion-de-los-cuatro-serotipos-de-dengue
Fumigación,,La Virgen,Sarapiquí,16,5,2023,https://www.ministeriodesalud.go.cr/index.php/prensa/60-noticias-2023/1578-salud-realizara-intervenciones-en-sarapaqui-por-circulacion-de-los-cuatro-serotipos-de-dengue
Fumigación,,La Virgen,Sarapiquí,17,5,2023,https://www.ministeriodesalud.go.cr/index.php/prensa/60-noticias-2023/1578-salud-realizara-intervenciones-en-sarapaqui-por-circulacion-de-los-cuatro-serotipos-de-dengue
Termonebulización,,Puerto Viejo,Sarapiquí,3,5,2023,https://www.ministeriodesalud.go.cr/index.php/prensa/60-noticias-2023/1578-salud-realizara-intervenciones-en-sarapaqui-por-circulacion-de-los-cuatro-serotipos-de-dengue
Termonebulización,,Puerto Viejo,Sarapiquí,4,5,2023,https://www.ministeriodesalud.go.cr/index.php/prensa/60-noticias-2023/1578-salud-realizara-intervenciones-en-sarapaqui-por-circulacion-de-los-cuatro-serotipos-de-dengue
Termonebulización,,Puerto Viejo,Sarapiquí,5,5,2023,https://www.ministeriodesalud.go.cr/index.php/prensa/60-noticias-2023/1578-salud-realizara-intervenciones-en-sarapaqui-por-circulacion-de-los-cuatro-serotipos-de-dengue
Termonebulización,,Puerto Viejo,Sarapiquí,6,5,2023,https://www.ministeriodesalud.go.cr/index.php/prensa/60-noticias-2023/1578-salud-realizara-intervenciones-en-sarapaqui-por-circulacion-de-los-cuatro-serotipos-de-dengue
Termonebulización,,Puerto Viejo,Sarapiquí,7,5,2023,https://www.ministeriodesalud.go.cr/index.php/prensa/60-noticias-2023/1578-salud-realizara-intervenciones-en-sarapaqui-por-circulacion-de-los-cuatro-serotipos-de-dengue
Termonebulización,,Puerto Viejo,Sarapiquí,8,5,2023,https://www.ministeriodesalud.go.cr/index.php/prensa/60-noticias-2023/1578-salud-realizara-intervenciones-en-sarapaqui-por-circulacion-de-los-cuatro-serotipos-de-dengue
Termonebulización,,Puerto Viejo,Sarapiquí,9,5,2023,https://www.ministeriodesalud.go.cr/index.php/prensa/60-noticias-2023/1578-salud-realizara-intervenciones-en-sarapaqui-por-circulacion-de-los-cuatro-serotipos-de-dengue
Termonebulización,,Puerto Viejo,Sarapiquí,10,5,2023,https://www.ministeriodesalud.go.cr/index.php/prensa/60-noticias-2023/1578-salud-realizara-intervenciones-en-sarapaqui-por-circulacion-de-los-cuatro-serotipos-de-dengue
Termonebulización,,Puerto Viejo,Sarapiquí,11,5,2023,https://www.ministeriodesalud.go.cr/index.php/prensa/60-noticias-2023/1578-salud-realizara-intervenciones-en-sarapaqui-por-circulacion-de-los-cuatro-serotipos-de-dengue
Termonebulización,,Puerto Viejo,Sarapiquí,12,5,2023,https://www.ministeriodesalud.go.cr/index.php/prensa/60-noticias-2023/1578-salud-realizara-intervenciones-en-sarapaqui-por-circulacion-de-los-cuatro-serotipos-de-dengue
Termonebulización,,Puerto Viejo,Sarapiquí,13,5,2023,https://www.ministeriodesalud.go.cr/index.php/prensa/60-noticias-2023/1578-salud-realizara-intervenciones-en-sarapaqui-por-circulacion-de-los-cuatro-serotipos-de-dengue
Termonebulización,,Puerto Viejo,Sarapiquí,14,5,2023,https://www.ministeriodesalud.go.cr/index.php/prensa/60-noticias-2023/1578-salud-realizara-intervenciones-en-sarapaqui-por-circulacion-de-los-cuatro-serotipos-de-dengue
Termonebulización,,Puerto Viejo,Sarapiquí,15,5,2023,https://www.ministeriodesalud.go.cr/index.php/prensa/60-noticias-2023/1578-salud-realizara-intervenciones-en-sarapaqui-por-circulacion-de-los-cuatro-serotipos-de-dengue
Termonebulización,,Puerto Viejo,Sarapiquí,16,5,2023,https://www.ministeriodesalud.go.cr/index.php/prensa/60-noticias-2023/1578-salud-realizara-intervenciones-en-sarapaqui-por-circulacion-de-los-cuatro-serotipos-de-dengue
Termonebulización,,Puerto Viejo,Sarapiquí,17,5,2023,https://www.ministeriodesalud.go.cr/index.php/prensa/60-noticias-2023/1578-salud-realizara-intervenciones-en-sarapaqui-por-circulacion-de-los-cuatro-serotipos-de-dengue
Termonebulización,,Puerto Viejo,Sarapiquí,18,5,2023,https://www.ministeriodesalud.go.cr/index.php/prensa/60-noticias-2023/1578-salud-realizara-intervenciones-en-sarapaqui-por-circulacion-de-los-cuatro-serotipos-de-dengue
Fumigación,,Puerto Viejo,Sarapiquí,3,5,2023,https://www.ministeriodesalud.go.cr/index.php/prensa/60-noticias-2023/1578-salud-realizara-intervenciones-en-sarapaqui-por-circulacion-de-los-cuatro-serotipos-de-dengue
Fumigación,,Puerto Viejo,Sarapiquí,4,5,2023,https://www.ministeriodesalud.go.cr/index.php/prensa/60-noticias-2023/1578-salud-realizara-intervenciones-en-sarapaqui-por-circulacion-de-los-cuatro-serotipos-de-dengue
Fumigación,,Puerto Viejo,Sarapiquí,5,5,2023,https://www.ministeriodesalud.go.cr/index.php/prensa/60-noticias-2023/1578-salud-realizara-intervenciones-en-sarapaqui-por-circulacion-de-los-cuatro-serotipos-de-dengue
Fumigación,,Puerto Viejo,Sarapiquí,6,5,2023,https://www.ministeriodesalud.go.cr/index.php/prensa/60-noticias-2023/1578-salud-realizara-intervenciones-en-sarapaqui-por-circulacion-de-los-cuatro-serotipos-de-dengue
Fumigación,,Puerto Viejo,Sarapiquí,7,5,2023,https://www.ministeriodesalud.go.cr/index.php/prensa/60-noticias-2023/1578-salud-realizara-intervenciones-en-sarapaqui-por-circulacion-de-los-cuatro-serotipos-de-dengue
Fumigación,,Puerto Viejo,Sarapiquí,8,5,2023,https://www.ministeriodesalud.go.cr/index.php/prensa/60-noticias-2023/1578-salud-realizara-intervenciones-en-sarapaqui-por-circulacion-de-los-cuatro-serotipos-de-dengue
Fumigación,,Puerto Viejo,Sarapiquí,9,5,2023,https://www.ministeriodesalud.go.cr/index.php/prensa/60-noticias-2023/1578-salud-realizara-intervenciones-en-sarapaqui-por-circulacion-de-los-cuatro-serotipos-de-dengue
Fumigación,,Puerto Viejo,Sarapiquí,10,5,2023,https://www.ministeriodesalud.go.cr/index.php/prensa/60-noticias-2023/1578-salud-realizara-intervenciones-en-sarapaqui-por-circulacion-de-los-cuatro-serotipos-de-dengue
Fumigación,,Puerto Viejo,Sarapiquí,11,5,2023,https://www.ministeriodesalud.go.cr/index.php/prensa/60-noticias-2023/1578-salud-realizara-intervenciones-en-sarapaqui-por-circulacion-de-los-cuatro-serotipos-de-dengue
Fumigación,,Puerto Viejo,Sarapiquí,12,5,2023,https://www.ministeriodesalud.go.cr/index.php/prensa/60-noticias-2023/1578-salud-realizara-intervenciones-en-sarapaqui-por-circulacion-de-los-cuatro-serotipos-de-dengue
Fumigación,,Puerto Viejo,Sarapiquí,13,5,2023,https://www.ministeriodesalud.go.cr/index.php/prensa/60-noticias-2023/1578-salud-realizara-intervenciones-en-sarapaqui-por-circulacion-de-los-cuatro-serotipos-de-dengue
Fumigación,,Puerto Viejo,Sarapiquí,14,5,2023,https://www.ministeriodesalud.go.cr/index.php/prensa/60-noticias-2023/1578-salud-realizara-intervenciones-en-sarapaqui-por-circulacion-de-los-cuatro-serotipos-de-dengue
Fumigación,,Puerto Viejo,Sarapiquí,15,5,2023,https://www.ministeriodesalud.go.cr/index.php/prensa/60-noticias-2023/1578-salud-realizara-intervenciones-en-sarapaqui-por-circulacion-de-los-cuatro-serotipos-de-dengue
Fumigación,,Puerto Viejo,Sarapiquí,16,5,2023,https://www.ministeriodesalud.go.cr/index.php/prensa/60-noticias-2023/1578-salud-realizara-intervenciones-en-sarapaqui-por-circulacion-de-los-cuatro-serotipos-de-dengue
Fumigación,,Puerto Viejo,Sarapiquí,17,5,2023,https://www.ministeriodesalud.go.cr/index.php/prensa/60-noticias-2023/1578-salud-realizara-intervenciones-en-sarapaqui-por-circulacion-de-los-cuatro-serotipos-de-dengue
Aplicación de larvicidas y destrucción de criaderos,502,,Turrialba,7,10,2024,https://www.ministeriodesalud.go.cr/index.php/prensa/61-noticias-2024/1967-salud-realizo-24-561-fumigaciones-en-una-semana
Aplicación de larvicidas y destrucción de criaderos,502,,Turrialba,8,10,2024,https://www.ministeriodesalud.go.cr/index.php/prensa/61-noticias-2024/1967-salud-realizo-24-561-fumigaciones-en-una-semana
Aplicación de larvicidas y destrucción de criaderos,502,,Turrialba,9,10,2024,https://www.ministeriodesalud.go.cr/index.php/prensa/61-noticias-2024/1967-salud-realizo-24-561-fumigaciones-en-una-semana
Aplicación de larvicidas y destrucción de criaderos,502,,Turrialba,10,10,2024,https://www.ministeriodesalud.go.cr/index.php/prensa/61-noticias-2024/1967-salud-realizo-24-561-fumigaciones-en-una-semana
Aplicación de larvicidas y destrucción de criaderos,502,,Turrialba,11,10,2024,https://www.ministeriodesalud.go.cr/index.php/prensa/61-noticias-2024/1967-salud-realizo-24-561-fumigaciones-en-una-semana
Aplicación de larvicidas y destrucción de criaderos,502,,Turrialba,12,10,2024,https://www.ministeriodesalud.go.cr/index.php/prensa/61-noticias-2024/1967-salud-realizo-24-561-fumigaciones-en-una-semana
Aplicación de larvicidas y destrucción de criaderos,1247,,Alajuela,7,10,2024,https://www.ministeriodesalud.go.cr/index.php/prensa/61-noticias-2024/1967-salud-realizo-24-561-fumigaciones-en-una-semana
Aplicación de larvicidas y destrucción de criaderos,1247,,Alajuela,8,10,2024,https://www.ministeriodesalud.go.cr/index.php/prensa/61-noticias-2024/1967-salud-realizo-24-561-fumigaciones-en-una-semana
Aplicación de larvicidas y destrucción de criaderos,1247,,Alajuela,9,10,2024,https://www.ministeriodesalud.go.cr/index.php/prensa/61-noticias-2024/1967-salud-realizo-24-561-fumigaciones-en-una-semana
Aplicación de larvicidas y destrucción de criaderos,1247,,Alajuela,10,10,2024,https://www.ministeriodesalud.go.cr/index.php/prensa/61-noticias-2024/1967-salud-realizo-24-561-fumigaciones-en-una-semana
Aplicación de larvicidas y destrucción de criaderos,1247,,Alajuela,11,10,2024,https://www.ministeriodesalud.go.cr/index.php/prensa/61-noticias-2024/1967-salud-realizo-24-561-fumigaciones-en-una-semana
Aplicación de larvicidas y destrucción de criaderos,1247,,Alajuela,12,10,2024,https://www.ministeriodesalud.go.cr/index.php/prensa/61-noticias-2024/1967-salud-realizo-24-561-fumigaciones-en-una-semana
Aplicación de larvicidas y destrucción de criaderos,1247,,Atenas,7,10,2024,https://www.ministeriodesalud.go.cr/index.php/prensa/61-noticias-2024/1967-salud-realizo-24-561-fumigaciones-en-una-semana
Aplicación de larvicidas y destrucción de criaderos,1247,,Atenas,8,10,2024,https://www.ministeriodesalud.go.cr/index.php/prensa/61-noticias-2024/1967-salud-realizo-24-561-fumigaciones-en-una-semana
Aplicación de larvicidas y destrucción de criaderos,1247,,Atenas,9,10,2024,https://www.ministeriodesalud.go.cr/index.php/prensa/61-noticias-2024/1967-salud-realizo-24-561-fumigaciones-en-una-semana
Aplicación de larvicidas y destrucción de criaderos,1247,,Atenas,10,10,2024,https://www.ministeriodesalud.go.cr/index.php/prensa/61-noticias-2024/1967-salud-realizo-24-561-fumigaciones-en-una-semana
Aplicación de larvicidas y destrucción de criaderos,1247,,Atenas,11,10,2024,https://www.ministeriodesalud.go.cr/index.php/prensa/61-noticias-2024/1967-salud-realizo-24-561-fumigaciones-en-una-semana
Aplicación de larvicidas y destrucción de criaderos,1247,,Atenas,12,10,2024,https://www.ministeriodesalud.go.cr/index.php/prensa/61-noticias-2024/1967-salud-realizo-24-561-fumigaciones-en-una-semana
Aplicación de larvicidas y destrucción de criaderos,1247,,Grecia,7,10,2024,https://www.ministeriodesalud.go.cr/index.php/prensa/61-noticias-2024/1967-salud-realizo-24-561-fumigaciones-en-una-semana
Aplicación de larvicidas y destrucción de criaderos,1247,,Grecia,8,10,2024,https://www.ministeriodesalud.go.cr/index.php/prensa/61-noticias-2024/1967-salud-realizo-24-561-fumigaciones-en-una-semana
Aplicación de larvicidas y destrucción de criaderos,1247,,Grecia,9,10,2024,https://www.ministeriodesalud.go.cr/index.php/prensa/61-noticias-2024/1967-salud-realizo-24-561-fumigaciones-en-una-semana
Aplicación de larvicidas y destrucción de criaderos,1247,,Grecia,10,10,2024,https://www.ministeriodesalud.go.cr/index.php/prensa/61-noticias-2024/1967-salud-realizo-24-561-fumigaciones-en-una-semana
Aplicación de larvicidas y destrucción de criaderos,1247,,Grecia,11,10,2024,https://www.ministeriodesalud.go.cr/index.php/prensa/61-noticias-2024/1967-salud-realizo-24-561-fumigaciones-en-una-semana
Aplicación de larvicidas y destrucción de criaderos,1247,,Grecia,12,10,2024,https://www.ministeriodesalud.go.cr/index.php/prensa/61-noticias-2024/1967-salud-realizo-24-561-fumigaciones-en-una-semana
Aplicación de larvicidas y destrucción de criaderos,57,,Desamparados,7,10,2024,https://www.ministeriodesalud.go.cr/index.php/prensa/61-noticias-2024/1967-salud-realizo-24-561-fumigaciones-en-una-semana
Aplicación de larvicidas y destrucción de criaderos,57,,Desamparados,8,10,2024,https://www.ministeriodesalud.go.cr/index.php/prensa/61-noticias-2024/1967-salud-realizo-24-561-fumigaciones-en-una-semana
Aplicación de larvicidas y destrucción de criaderos,57,,Desamparados,9,10,2024,https://www.ministeriodesalud.go.cr/index.php/prensa/61-noticias-2024/1967-salud-realizo-24-561-fumigaciones-en-una-semana
Aplicación de larvicidas y destrucción de criaderos,57,,Desamparados,10,10,2024,https://www.ministeriodesalud.go.cr/index.php/prensa/61-noticias-2024/1967-salud-realizo-24-561-fumigaciones-en-una-semana
Aplicación de larvicidas y destrucción de criaderos,57,,Desamparados,11,10,2024,https://www.ministeriodesalud.go.cr/index.php/prensa/61-noticias-2024/1967-salud-realizo-24-561-fumigaciones-en-una-semana
Aplicación de larvicidas y destrucción de criaderos,57,,Desamparados,12,10,2024,https://www.ministeriodesalud.go.cr/index.php/prensa/61-noticias-2024/1967-salud-realizo-24-561-fumigaciones-en-una-semana
Aplicación de larvicidas y destrucción de criaderos,57,,Hatillos,7,10,2024,https://www.ministeriodesalud.go.cr/index.php/prensa/61-noticias-2024/1967-salud-realizo-24-561-fumigaciones-en-una-semana
Aplicación de larvicidas y destrucción de criaderos,57,,Hatillos,8,10,2024,https://www.ministeriodesalud.go.cr/index.php/prensa/61-noticias-2024/1967-salud-realizo-24-561-fumigaciones-en-una-semana
Aplicación de larvicidas y destrucción de criaderos,57,,Hatillos,9,10,2024,https://www.ministeriodesalud.go.cr/index.php/prensa/61-noticias-2024/1967-salud-realizo-24-561-fumigaciones-en-una-semana
Aplicación de larvicidas y destrucción de criaderos,57,,Hatillos,10,10,2024,https://www.ministeriodesalud.go.cr/index.php/prensa/61-noticias-2024/1967-salud-realizo-24-561-fumigaciones-en-una-semana
Aplicación de larvicidas y destrucción de criaderos,57,,Hatillos,11,10,2024,https://www.ministeriodesalud.go.cr/index.php/prensa/61-noticias-2024/1967-salud-realizo-24-561-fumigaciones-en-una-semana
Aplicación de larvicidas y destrucción de criaderos,57,,Hatillos,12,10,2024,https://www.ministeriodesalud.go.cr/index.php/prensa/61-noticias-2024/1967-salud-realizo-24-561-fumigaciones-en-una-semana
Aplicación de larvicidas y destrucción de criaderos,57,,San Sebastián,7,10,2024,https://www.ministeriodesalud.go.cr/index.php/prensa/61-noticias-2024/1967-salud-realizo-24-561-fumigaciones-en-una-semana
Aplicación de larvicidas y destrucción de criaderos,57,,San Sebastián,8,10,2024,https://www.ministeriodesalud.go.cr/index.php/prensa/61-noticias-2024/1967-salud-realizo-24-561-fumigaciones-en-una-semana
Aplicación de larvicidas y destrucción de criaderos,57,,San Sebastián,9,10,2024,https://www.ministeriodesalud.go.cr/index.php/prensa/61-noticias-2024/1967-salud-realizo-24-561-fumigaciones-en-una-semana
Aplicación de larvicidas y destrucción de criaderos,57,,San Sebastián,10,10,2024,https://www.ministeriodesalud.go.cr/index.php/prensa/61-noticias-2024/1967-salud-realizo-24-561-fumigaciones-en-una-semana
Aplicación de larvicidas y destrucción de criaderos,57,,San Sebastián,11,10,2024,https://www.ministeriodesalud.go.cr/index.php/prensa/61-noticias-2024/1967-salud-realizo-24-561-fumigaciones-en-una-semana
Aplicación de larvicidas y destrucción de criaderos,57,,San Sebastián,12,10,2024,https://www.ministeriodesalud.go.cr/index.php/prensa/61-noticias-2024/1967-salud-realizo-24-561-fumigaciones-en-una-semana
Aplicación de larvicidas y destrucción de criaderos,57,,Sureste Metropolitana,7,10,2024,https://www.ministeriodesalud.go.cr/index.php/prensa/61-noticias-2024/1967-salud-realizo-24-561-fumigaciones-en-una-semana
Aplicación de larvicidas y destrucción de criaderos,57,,Sureste Metropolitana,8,10,2024,https://www.ministeriodesalud.go.cr/index.php/prensa/61-noticias-2024/1967-salud-realizo-24-561-fumigaciones-en-una-semana
Aplicación de larvicidas y destrucción de criaderos,57,,Sureste Metropolitana,9,10,2024,https://www.ministeriodesalud.go.cr/index.php/prensa/61-noticias-2024/1967-salud-realizo-24-561-fumigaciones-en-una-semana
Aplicación de larvicidas y destrucción de criaderos,57,,Sureste Metropolitana,10,10,2024,https://www.ministeriodesalud.go.cr/index.php/prensa/61-noticias-2024/1967-salud-realizo-24-561-fumigaciones-en-una-semana
Aplicación de larvicidas y destrucción de criaderos,57,,Sureste Metropolitana,11,10,2024,https://www.ministeriodesalud.go.cr/index.php/prensa/61-noticias-2024/1967-salud-realizo-24-561-fumigaciones-en-una-semana
Aplicación de larvicidas y destrucción de criaderos,57,,Sureste Metropolitana,12,10,2024,https://www.ministeriodesalud.go.cr/index.php/prensa/61-noticias-2024/1967-salud-realizo-24-561-fumigaciones-en-una-semana
Aplicación de larvicidas y destrucción de criaderos,57,,Santa Ana,7,10,2024,https://www.ministeriodesalud.go.cr/index.php/prensa/61-noticias-2024/1967-salud-realizo-24-561-fumigaciones-en-una-semana
Aplicación de larvicidas y destrucción de criaderos,57,,Santa Ana,8,10,2024,https://www.ministeriodesalud.go.cr/index.php/prensa/61-noticias-2024/1967-salud-realizo-24-561-fumigaciones-en-una-semana
Aplicación de larvicidas y destrucción de criaderos,57,,Santa Ana,9,10,2024,https://www.ministeriodesalud.go.cr/index.php/prensa/61-noticias-2024/1967-salud-realizo-24-561-fumigaciones-en-una-semana
Aplicación de larvicidas y destrucción de criaderos,57,,Santa Ana,10,10,2024,https://www.ministeriodesalud.go.cr/index.php/prensa/61-noticias-2024/1967-salud-realizo-24-561-fumigaciones-en-una-semana
Aplicación de larvicidas y destrucción de criaderos,57,,Santa Ana,11,10,2024,https://www.ministeriodesalud.go.cr/index.php/prensa/61-noticias-2024/1967-salud-realizo-24-561-fumigaciones-en-una-semana
Aplicación de larvicidas y destrucción de criaderos,57,,Santa Ana,12,10,2024,https://www.ministeriodesalud.go.cr/index.php/prensa/61-noticias-2024/1967-salud-realizo-24-561-fumigaciones-en-una-semana