"","week","507","112","201","110","306","106","205","504","402","407","603","505","301","506","610","608","118","103","117","308","102","602","408","611","108","607","203","215","706","401","511","304","510","303","120","501","701","214","705","115","604","107","114","509","206","502","307","209","605","207","302","609","702","208","601","104","119","606","216","210","406","101","204","409","405","202","109","404","503","403","410","212","703","704","105","113","508","305","116","213","111","211"
"1","2020-1",0,0,0,0,0,0,0,0,0,0,0,0,0,0,0,0,0,0,0,0,0,0,0,0,0,NA,0,0,0,0,0,0,0,0,0,0,0,0,0,0,0,0,0,0,0,0,0,0,0,0,0,0,0,0,0,0,0,0,0,0,0,0,0,0,0,0,0,0,0,0,0,0,0,0,0,0,0,0,0,0,0,0
"2","2020-2",0,0,0,0,0,0,0,0,0,0,0,0,0,0,0,0,0,0,0,0,0,0,0,0,0,NA,0,0,0,0,0,0,0,0,0,0,0,0,0,0,0,0,0,0,0,0,0,0,0,0,0,0,0,0,0,0,0,0,0,0,0,0,0,0,0,0,0,0,0,0,0,0,0,0,0,0,0,0,0,0,0,0
"3","2020-3",0,0,0,0,0,0,0,0,0,0,0,0,0,0,0,0,0,0,0,0,0,0,0,0,0,NA,0,0,0,0,0,0,0,0,0,0,0,0,0,0,0,0,0,0,0,0,0,0,0,0,0,0,0,0,0,0,0,0,0,0,0,0,0,0,0,0,0,0,0,0,0,0,0,0,0,0,0,0,0,0,0,0
"4","2020-4",0,0,0,0,0,0,0,0,0,0,0,0,0,0,0,0,0,0,0,0,0,0,0,0,0,NA,0,0,0,0,0,0,0,0,0,0,0,0,0,0,0,0,0,0,0,0,0,0,0,0,0,0,0,0,0,0,0,0,0,0,0,0,0,0,0,0,0,0,0,0,0,0,0,0,0,0,0,0,0,0,0,0
"5","2020-5",0,0,0,0,0,0,0,0,0,0,0,0,0,0,0,0,0,0,0,0,0,0,0,0,0,NA,0,0,0,0,0,0,0,0,0,0,0,0,0,0,0,0,0,0,0,0,0,0,0,0,0,0,0,0,0,0,0,0,0,0,0,0,0,0,0,0,0,0,0,0,0,0,0,0,0,0,0,0,0,0,0,0
"6","2020-6",0,0,0,0,0,0,0,0,0,0,0,0,0,0,0,0,0,0,0,0,0,0,0,0,0,NA,0,0,0,0,0,0,0,0,0,0,0,0,0,0,0,0,0,0,0,0,0,0,0,0,0,0,0,0,0,0,0,0,0,0,0,0,0,0,0,0,0,0,0,0,0,0,0,0,0,0,0,0,0,0,0,0
"7","2020-7",0,0,0,0,0,0,0,0,0,0,0,0,0,0,0,0,0,0,0,0,0,0,0,0,0,NA,0,0,0,0,0,0,0,0,0,0,0,0,0,0,0,0,0,0,0,0,0,0,0,0,0,0,0,0,0,0,0,0,0,0,0,0,0,0,0,0,0,0,0,0,0,0,0,0,0,0,0,0,0,0,0,0
"8","2020-8",0,0,0,0,0,0,0,0,0,0,0,0,0,0,0,0,0,0,0,0,0,0,0,0,0,NA,0,0,0,0,0,0,0,0,0,0,0,0,0,0,0,0,0,0,0,0,0,0,0,0,0,0,0,0,0,0,0,0,0,0,0,0,0,0,0,0,0,0,0,0,0,0,0,0,0,0,0,0,0,0,0,0
"9","2020-9",0,0,0,0,0,0,0,0,0,0,0,0,0,0,0,0,0,0,0,0,0,0,0,0,0,NA,0,0,0,0,0,0,0,0,0,0,0,0,0,0,0,0,0,0,0,0,0,0,0,0,0,0,0,0,0,0,0,0,0,0,0,0,0,0,0,0,0,0,0,0,0,0,0,0,0,0,0,0,0,0,0,0
"10","2020-10",0,0,0,0,0,0,0,0,0,0,0,0,0,0,0,0,0,0,0,0,0,0,0,0,0,NA,0,0,0,0,0,0,0,0,0,0,0,0,0,0,0,0,0,0,0,0,0,0,0,0,0,0,0,0,0,0,0,0,0,0,0,0,0,0,0,0,0,0,0,0,0,0,0,0,0,0,0,0,0,0,0,0
"11","2020-11",0,0,0,0,0,0,0,0,0,0,0,0,0,0,0,0,0,0,0,0,0,0,0,0,0,NA,0,0,0,0,0,0,0,0,0,0,0,0,0,0,0,0,0,0,0,0,0,0,0,0,0,0,0,0,0,0,0,0,0,0,0,0,0,0,0,0,0,0,0,0,0,0,0,0,0,0,0,0,0,0,0,0
"12","2020-12",0,0,0,0,0,0,0,0,0,0,0,0,0,0,0,0,0,0,0,0,0,0,0,0,0,NA,0,0,0,0,0,0,0,0,0,0,0,0,0,0,0,0,0,0,0,0,0,0,0,0,0,0,0,0,0,0,0,0,0,0,0,0,0,0,0,0,0,0,0,0,0,0,0,0,0,0,0,0,0,0,0,0
"13","2020-13",0,0,0,0,0,0,0,0,0,0,0,0,0,0,0,0,0,0,0,0,0,0,0,0,0,NA,0,0,0,0,0,0,0,0,0,0,0,0,0,0,0,0,0,0,0,0,0,0,0,0,0,0,0,0,0,0,0,0,0,0,0,0,0,0,0,0,0,0,0,0,0,0,0,0,0,0,0,0,0,0,0,0
"14","2020-14",0,0,0,0,0,0,0,0,0,0,0,0,0,0,0,0,0,0,0,0,0,0,0,0,0,NA,0,0,0,0,0,0,0,0,0,0,0,0,0,0,0,0,0,0,0,0,0,0,0,0,0,0,0,0,0,0,0,0,0,0,0,0,0,0,0,0,0,0,0,0,0,0,0,0,0,0,0,0,0,0,0,0
"15","2020-15",0,0,0,0,0,0,0,0,0,0,0,0,0,0,0,0,0,0,0,0,0,0,0,0,0,NA,0,0,0,0,0,0,0,0,0,0,0,0,0,0,0,0,0,0,0,0,0,0,0,0,0,0,0,0,0,0,0,0,0,0,0,0,0,0,0,0,0,0,0,0,0,0,0,0,0,0,0,0,0,0,0,0
"16","2020-16",0,0,0,0,0,0,0,0,0,0,0,0,0,0,0,0,0,0,0,0,0,0,0,0,0,NA,0,0,0,0,0,0,0,0,0,0,0,0,0,0,0,0,0,0,0,0,0,0,0,0,0,0,0,0,0,0,0,0,0,0,0,0,0,0,0,0,0,0,0,0,0,0,0,0,0,0,0,0,0,0,0,0
"17","2020-17",0,0,0,0,0,0,0,0,0,0,0,0,0,0,0,0,0,0,0,0,0,0,0,0,0,NA,0,0,0,0,0,0,0,0,0,0,0,0,0,0,0,0,0,0,0,0,0,0,0,0,0,0,0,0,0,0,0,0,0,0,0,0,0,0,0,0,0,0,0,0,0,0,0,0,0,0,0,0,0,0,0,0
"18","2020-18",0,0,0,0,0,0,0,0,0,0,5.7572026,0,0,0,0,6.43042,0,0,0,0,0,0,0,0,0,NA,0,0,0,0,0,0,0,0,0,0,0,0,0,0,0,0,0,0,0,0,0,0,0,0,0,0,0,0,0,0,0,0,0,0,0,0,0,0,0,0,0,0,0,0,0,0,0,0,0,0,0,0,0,0,0,0
"19","2020-19",0,8.848685,0,0,0,0,0,0,0,0,0,0,3.3526833,0,0,0,0,0,0,4.185718,0,0,0,0,0,NA,0,0,0,0,0,5.472539,0,0,0,0,0,0,0,0,0,0,0,0,0,0,0,0,0,0,0,0,0,0,0,0,9.322424,0,0,0,0,0,0,0,0,0,0,0,0,0,0,0,0,0,5.794116,0,0,0,0,0,0,0
"20","2020-20",0,0,0,0,0,0,0,0,0,0,0,0,0,0,0,0,0,0,0,0,0,0,0,0,0,NA,0,0,0,0,0,0,0,0,0,0,0,0,0,0,0,0,0,0,0,0,0,0,0,0,0,0,0,0,0,0,0,0,0,0,0,0,0,0,0,0,0,0,0,0,0,0,0,0,0,0,0,0,0,0,0,0
"21","2020-21",9.171591,0,4.762725,0,2.722919,0,6.3899055,5.9150996,0,0,5.911173,0,3.4358242,6.8232837,1.6501065,1.9720727,4.284031,5.347815,0,5.198453,0,6.9007454,0,0,4.2916827,NA,5.3669696,4.947796,0,0,0,0,0,4.4589434,7.973624,0,0,5.319284,0.35390222,4.284031,9.462749,0,0,3.584435,5.3299346,7.083366,3.6720555,6.148036,4.0034037,5.0852947,0,0,0.87315106,5.1177454,8.100763,0,3.8426723,0,2.9679725,2.45708,0,0,6.39629,0,0,0,0,0,4.093066,0,0,5.341361,0.68298846,1.1920735,11.803884,0,4.676703,0,0,3.3923936,0,6.3555593
"22","2020-22",0,0,0,0,0,0,0,0,0,7.9796968,0,7.4589615,0,0,3.0045497,4.5016546,0,0,9.361975,0,0,0,0,0,0,NA,0,7.2314115,6.4891796,7.6093106,8.574363,6.2508893,0,0,0,0,0,6.196724,0,0,0,0,0,7.4112396,0,0,0,0,8.894478,0,0,0,5.8496246,0,0,0,6.749943,0,0,0,0,0,0,0,0,7.1507764,0,0,7.272834,0,0,0,0,0,0,0,0,4.938788,0,0,8.322828,7.6511283
"23","2020-23",6.397077,7.4636116,6.6190305,7.3220854,6.4298844,7.9962373,7.0537543,7.323767,6.5148478,6.5880766,8.70388,6.007641,4.8805423,6.5850625,2.8988402,0,7.663116,6.6979237,8.232786,6.97366,7.331176,4.662719,6.025868,4.6344447,0,NA,6.051477,8.6952305,0,8.45679,6.506693,8.553082,11.054238,0,6.8895373,5.876652,0,0,0,7.663116,6.5234394,8.606457,6.8208117,5.275653,6.2292414,6.5280066,7.988633,4.8121386,0,6.600082,14.358804,5.4337997,0,7.759658,4.0693355,5.799591,6.845071,8.730724,8.038658,7.269743,6.8208117,7.331176,6.6842766,6.8579082,5.8112803,7.7191935,8.106402,6.5148478,6.3751454,6.8579082,0,7.5831285,0,0,8.7249775,6.8579082,5.7205153,0,5.0764623,0,9.751325,7.915005
"24","2020-24",7.9416623,5.5025573,5.2647843,0,0,0,6.1276665,7.323767,4.3761134,3.8201227,0,12.015282,0,5.040652,0,0,0,0,0,0,0,4.7689934,3.4039474,6.2662945,0,NA,5.621214,0,0,0,6.1125445,0,0,0,0,5.876652,0,0,0,0,5.302906,5.7980742,0,6.233499,4.7100244,6.3079796,0,6.131305,0,5.8190966,0,5.3715677,0,4.8850536,6.235281,5.3758388,0,8.730724,0,0,0,0,5.854792,0,0,6.942361,0,4.3761134,12.750291,0,0,5.6749682,0,0,0,0,4.509857,0,5.8259273,0,0,6.6154623
"25","2020-25",0,0,0,2.2088234,1.5259875,0,0,0,0,0,0,0,0,0,5.5095735,5.5911813,3.1251123,2.989909,3.866834,0,0,0,0,0,2.7991962,NA,4.2464976,5.1445384,1.4179181,0,0,2.493625,0,3.3405843,0,0,3.38189,0,1.2645228,3.1251123,0,0,0,0,0,0,0,0,0,0,4.449394,0,2.3634613,0,0,0,4.8147163,0,3.7901971,3.966749,0,0,0,0,0,0,0,0,0,0,2.900371,0,1.4735253,4.6534467,0,0,3.276757,3.1046174,0,0,0,0
"26","2020-26",0,0,0,0,0,0,0,0,0,0,7.5012965,0,0,0,6.4282265,0,0,0,0,0,0,0,0,0,0,NA,0,5.1445384,0,0,0,0,0,0,0,0,0,0,0,0,0,0,0,0,0,0,0,0,0,0,0,0,0,0,0,0,0,6.048901,0,4.04503,0,0,0,0,0,0,0,0,0,0,0,0,0,0,0,0,0,0,0,2.2185678,0,0
"27","2020-27",0,0,4.550729,4.157859,0,0,0,0,4.847667,4.5126133,5.163023,0,0,0,0,0,0,0,0,0,4.708597,0,3.3205354,0,0,NA,5.256791,0,0,4.4093027,0,0,0,0,0,0,0,0,0,0,0,0,4.3195286,0,4.256719,0,0,0,0,4.1429873,0,0,0,5.001007,0,0,0,0,0,0,4.3195286,4.708597,0,0,5.0168443,0,0,4.847667,0,0,0,0,0,0,0,0,0,0,0,0,0,0
"28","2020-28",0,0,0,0,0,0,0,0,0,0,0,0,0,0,0,0,0,0,0,0,0,0,0,0,0,NA,0,0,0,0,0,0,0,0,0,0,0,0,0,0,0,0,0,0,0,0,0,0,0,0,0,0,0,0,0,0,0,0,0,0,0,0,0,0,0,0,0,0,0,0,0,0,0,0,0,0,0,0,0,0,0,0
"29","2020-29",0.055625446,0,0,0,0.011880693,0,0.18828116,0,0,0,0,0.0026888463,0,0,0.33198178,0,0,0,0,0,0,0.38768646,0,0,0,NA,0,1.0145699,0,0.005903393,0,0.031740412,0,0,0,0,0,0,0.07039859,0,0.10444142,0,0,0,0,0,0,0,0,0,0,0.53284645,0.3120866,0,0.42622164,0,0,0,0.22783682,0.34437743,0,0,0,0,0,0.036753993,0,0,0,0,0.23996922,0,0,0,0,0,0,0,0,0,0,0
"30","2020-30",3.2666066,6.7671986,3.7051516,0,0,4.8699756,0,0,0,0,5.260413,3.8582554,0,3.0980039,5.2350526,0,0,0,0,4.6182895,0,8.388393,0,0,0,NA,0,0,0,0,6.2924614,0,0,0,0,0,0,0,0,0,0,0,0,6.1838694,3.751776,2.94545,0,8.797593,7.5427427,0,12.706615,0,0,3.791156,4.5670085,9.21516,0,10.894888,0,0,0,0,0,0,0,0,0,0,4.353138,0,0,0,0,0,7.6352262,0,4.6367874,0,0,0,0,0
"31","2020-31",0,0,0,0,0,0,0,0,0,0,0,0,0,0,0,0,0,0,0,0,0,0,0,0,0,NA,0,0,0,0,0,0,0,0,0,0,0,0,0,0,0,0,0,0,0,0,0,0,0,0,0,0,0,0,0,0,0,0,0,0,0,0,0,0,0,0,0,0,0,0,0,0,0,0,0,0,0,0,0,0,0,0
"32","2020-32",0,0,0,0,0,0,0,0,2.431769,3.4586022,0,0,0,0,0,0,0,0,3.4750783,0,0,0,2.5735486,0,0,NA,0,0,0,2.8875034,0,0,0,0,0,0,0,4.9747086,0,0,0,3.3065193,0,0,0,0,0,0,0,0,0,0,4.0545025,3.7261407,0,0,0,0,0,0,0,0,0,0,0,3.6643298,0,2.431769,0,0,0,4.2735834,0,0,4.1236286,0,0,0,0,0,0,0
"33","2020-33",0,0,0,0,1.8187393,0,0,0,0,0,0,0,0,0,6.560193,0,0,0,0,0,0,2.743338,0,3.3525772,0,NA,0,0,0,0,0,2.9052722,0,2.4162748,0,0,0,0,5.6004972,0,0,0,0,0,0,0,2.2547987,0,0,0,0,4.6598754,0,0,0,0,0,4.668812,0,3.2933872,0,0,4.2809024,0,2.319566,3.1206205,0,0,0,0,0,2.6788096,0,0,0,0,0,0,0,0,2.7806594,0
"34","2020-34",0,0,0,0,0,0,0,0,0,0,0,0,0,0,3.1152523,0,0,0,0,0,0,5.6008744,0,0,0,NA,0,0,0,0,0,0,0,0,0,0,0,0,0,0,0,0,0,0,7.9012566,0,0,6.0101757,0,0,0,0,0,0,5.8293476,0,0,0,0,0,0,0,11.013591,0,0,7.510945,0,0,0,0,0,0,0,0,0,0,0,0,0,0,0,0
"35","2020-35",0,0,0,0,0,0,0,0,0,0,0,0,0,0,0,0,0,0,0,0,0,0,0,0,0,NA,0,0,0,0,0,0,0,0,0,0,0,0,0,0,0,0,0,0,0,0,0,0,0,0,0,0,0,0,0,0,0,0,0,0,0,0,0,0,0,0,0,0,0,0,0,0,0,0,0,0,0,0,0,0,0,0
"36","2020-36",0,0,0,0,0,0,0,0,0,0,0,0,0,0,0,0,0,0,0,0,0,0,0,0,0,NA,0,0,0,0,0,0,0,0,0,0,0,0,0,0,0,0,0,0,0,0,0,0,0,0,0,0,0,0,0,0,0,0,0,0,0,0,0,0,0,0,0,0,0,0,0,0,0,0,0,0,0,0,0,0,0,0
"37","2020-37",3.7238622,0,0,0,0,0,0,0,0,5.167862,0,4.8053284,0,2.719462,0,0,0,0,7.9420457,0,0,0,0,0,0,NA,0,0,0,0,0,0,0,0,7.0184917,0,0,5.1902847,0,0,0,0,0,0,0,0,0,0,0,0,0,0,0,0,3.8883455,0,0,13.988157,0,0,0,0,0,0,0,0,0,0,0,0,0,0,0,0,7.183041,0,0,0,0,0,0,0
"38","2020-38",3.7238622,5.6465025,5.1294193,0,0,0,4.856538,2.8770218,4.2546744,3.8854423,10.77347,4.9024925,0,2.719462,9.126,12.704089,0,0,7.9420457,0,0,3.6331196,4.1361284,4.0153565,0,NA,5.246074,5.1451926,0,0,0,5.9718895,3.351601,0,7.0184917,4.295651,0,4.8561215,0,0,5.2568088,5.0706596,0,0,5.5036182,2.583117,0,4.5026765,13.186723,5.348992,6.2427707,5.4641075,0,5.5839667,3.8883455,0,11.947375,7.260016,3.9161992,3.2795618,0,0,4.9530225,0,0,5.24933,4.2597017,4.2546744,0,0,0,5.6047044,3.8454447,0,7.183041,0,3.0206363,6.7012906,4.6529922,3.4071672,0,5.838603
"39","2020-39",0,0,0,0,0,0,0,0,0,0,9.003028,0,0,0,0,0,0,0,0,0,0,0,0,0,0,NA,0,0,0,0,0,0,0,0,0,0,0,0,0,0,0,0,0,0,0,0,0,6.354958,0,0,0,0,0,0,0,8.611977,0,8.739784,0,0,0,0,0,0,0,0,0,0,0,0,0,0,0,0,0,0,0,0,0,0,0,0
"40","2020-40",0,0,0,0,0,0,0,7.5119004,0,0,0,0,0,0,0,0,0,0,0,0,0,0,0,0,0,NA,0,0,0,0,0,0,0,0,0,0,0,0,0,0,0,0,0,6.9632063,0,0,0,0,0,0,0,0,0,0,0,0,9.132299,0,0,0,0,0,0,0,0,0,0,0,0,0,0,0,0,0,0,0,0,0,5.990871,7.1286864,0,0
"41","2020-41",0,0,0,0,0,0,0,0,0,0,0,0,0,0,0,0,0,0,0,0,0,0,0,0,0,NA,0,0,0,0,0,0,0,0,0,5.4359527,0,0,0,0,0,0,0,0,0,0,0,0,0,0,0,0,0,0,0,0,0,0,0,0,0,0,0,0,0,0,0,0,0,0,0,0,0,0,0,0,0,0,10.212687,0,0,0
"42","2020-42",0,0,0,0,0,0,0,0,0,0,0,0,0,0,0,0,0,0,0,0,0,0,0,0,0,NA,0,0,0,0,0,0,0,0,0,0,0,0,0,0,0,0,0,0,0,0,0,0,0,0,0,0,6.870978,0,0,0,0,0,10.048889,0,0,0,0,0,0,0,0,0,0,0,0,7.773781,0,0,0,0,0,0,0,0,0,7.0755043
"43","2020-43",0,0,0,0,0,0,0,0,0,0,0,0,0,0,0,0,5.3019123,0,0,0,0,0,0,0,0,NA,0,0,0,0,0,0,0,0,0,0,0,0,0,5.3019123,0,0,0,0,0,0,0,0,0,0,0,0,0,0,0,0,0,0,0,0,0,0,0,3.6160235,0,0,0,0,0,3.6160235,0,0,0,0,0,3.6160235,0,0,0,0,0,0
"44","2020-44",9.320847,0,0,0,0,0,0,0,0,0,5.6639423,0,0,0,4.3948197,2.4272015,0,0,0,0,0,0,0,13.851186,0,NA,0,12.404606,2.8855948,0,0,0,0,0,15.282946,6.462307,0,4.8159385,0,0,0,0,0,0,0,0,0,0,0,0,0,15.552827,3.535851,0,0,18.966928,0,17.795443,9.486523,7.5266204,0,0,0,0,0,0,0,0,0,0,6.6357226,0,0,0,16.426353,0,10.995473,0,12.75446,5.686988,0,13.378747
"45","2020-45",0,0,0,0,0,0,0,0,0,0,0,0,0,0,0,0,0,0,0,0,0,0,0,0,0,NA,0,0,0,0,0,0,0,0,0,0,0,0,0,0,0,0,0,0,0,0,0,0,0,0,0,0,0,0,0,0,0,0,0,0,0,0,0,0,0,0,0,0,0,0,0,0,0,0,0,0,0,0,0,0,0,0
"46","2020-46",0,0,0,0,0,0,0,0,0,0,0,0,0,0,0,0,0,0,0,0,0,0,0,0,0,NA,0,0,0,0,0,0,0,0,0,0,0,0,0,0,0,0,0,0,0,0,0,0,0,0,0,0,0,0,0,0,0,0,0,0,0,0,0,0,0,0,0,0,0,0,0,0,0,0,0,0,0,0,0,0,0,0
"47","2020-47",0,0,0,0,0,0,0,0,0,0,0,0,0,0,0,0,0,0,0,0,0,0,0,0,0,NA,0,0,0,0,0,0,0,0,0,0,0,0,0,0,0,0,0,0,0,0,0,0,0,0,0,0,0,0,0,0,0,0,0,0,0,0,0,0,0,0,0,0,0,0,0,0,0,0,0,0,0,0,0,0,0,0
"48","2020-48",0,0,0,0,0,0,0,0,0,0,0,0,0,0,0,0,0,0,0,0,0,0,0,0,0,NA,0,0,0,0,0,0,0,0,0,0,0,0,0,0,0,0,0,0,0,0,0,0,0,0,0,0,0,0,0,0,0,0,0,0,0,0,0,0,0,0,0,0,0,0,0,0,0,0,0,0,0,0,0,0,0,0
"49","2020-49",0,0,0,0,0,0,0,0,0,0,0,0,0,0,0,0,0,0,0,0,0,0,0,0,0,NA,0,0,0,0,0,0,0,0,0,0,0,0,0,0,0,0,0,0,0,0,0,0,0,0,0,0,0,0,0,0,0,0,0,0,0,0,0,0,0,0,0,0,0,0,0,0,0,0,0,0,0,0,0,0,0,0
"50","2020-50",0,0,0,0,0,0,0,0,0,0,0,0,0,0,0,0,0,0,0,0,0,0,0,0,0,NA,0,0,0,0,0,0,0,0,0,0,0,0,0,0,0,0,0,0,0,0,0,0,0,0,0,0,0,0,0,0,0,0,0,0,0,0,0,0,0,0,0,0,0,0,0,0,0,0,0,0,0,0,0,0,0,0
"51","2020-51",0,0,0,0,0,0,0,0,0,0,0,0,0,0,0,0,0,0,0,0,0,0,0,0,0,NA,0,0,0,0,0,0,0,0,0,0,0,0,0,0,0,0,0,0,0,0,0,0,0,0,0,0,0,0,0,0,0,0,0,0,0,0,0,0,0,0,0,0,0,0,0,0,0,0,0,0,0,0,0,0,0,0
"52","2020-52",0,0,0,0,0,0,0,0,0,0,0,0,0,0,0,0,0,0,0,0,0,0,0,0,0,NA,0,0,0,0,0,0,0,0,0,0,0,0,0,0,0,0,0,0,0,0,0,0,0,0,0,0,0,0,0,0,0,0,0,0,0,0,0,0,0,0,0,0,0,0,0,0,0,0,0,0,0,0,0,0,0,0
"53","2021-1",0,0,0,0,0,0,0,0,0,0,0,0,0,0,0,0,0,0,0,0,0,0,0,0,0,NA,0,0,0,0,0,0,0,0,0,0,0,0,0,0,0,0,0,0,0,0,0,0,0,0,0,0,0,0,0,0,0,0,0,0,0,0,0,0,0,0,0,0,0,0,0,0,0,0,0,0,0,0,0,0,0,0
"54","2021-2",0,0,0,0,0,0,0,0,0,0,0,0,0,0,0,0,0,0,0,0,0,0,0,0,0,NA,0,0,0,0,0,0,0,0,0,0,0,0,0,0,0,0,0,0,0,0,0,0,0,0,0,0,0,0,0,0,0,0,0,0,0,0,0,0,0,0,0,0,0,0,0,0,0,0,0,0,0,0,0,0,0,0
"55","2021-3",0,0,0,0,0,0,0,0,0,0,0,0,0,0,0,0,0,0,0,0,0,0,0,0,0,NA,0,0,0,0,0,0,0,0,0,0,0,0,0,0,0,0,0,0,0,0,0,0,0,0,0,0,0,0,0,0,0,0,0,0,0,0,0,0,0,0,0,0,0,0,0,0,0,0,0,0,0,0,0,0,0,0
"56","2021-4",0,0,0,0,0,0,0,0,0,0,0,0,0,0,0,0,0,0,0,0,0,0,0,0,0,NA,0,0,0,0,0,0,0,0,0,0,0,0,0,0,0,0,0,0,0,0,0,0,0,0,0,0,0,0,0,0,0,0,0,0,0,0,0,0,0,0,0,0,0,0,0,0,0,0,0,0,0,0,0,0,0,0
"57","2021-5",0,0,0,0,0,0,0,0,0,0,0,0,0,0,0,0,0,0,0,0,0,0,0,0,0,NA,0,0,0,0,0,0,0,0,0,0,0,0,0,0,0,0,0,0,0,0,0,0,0,0,0,0,0,0,0,0,0,0,0,0,0,0,0,0,0,0,0,0,0,0,0,0,0,0,0,0,0,0,0,0,0,0
"58","2021-6",0,0,0,0,0,0,0,0,0,0,0,0,0,0,0,0,0,0,0,0,0,0,0,0,0,NA,0,0,0,0,0,0,0,0,0,0,0,0,0,0,0,0,0,0,0,0,0,0,0,0,0,0,0,0,0,0,0,0,0,0,0,0,0,0,0,0,0,0,0,0,0,0,0,0,0,0,0,0,0,0,0,0
"59","2021-7",0,0,0,0,0,0,0,0,0,0,0,0,0,0,0,0,0,0,0,0,0,0,0,0,0,NA,0,0,0,0,0,0,0,0,0,0,0,0,0,0,0,0,0,0,0,0,0,0,0,0,0,0,0,0,0,0,0,0,0,0,0,0,0,0,0,0,0,0,0,0,0,0,0,0,0,0,0,0,0,0,0,0
"60","2021-8",0,0,0,0,0,0,0,0,0,0,0,0,0,0,0,0,0,0,0,0,0,0,0,0,0,NA,0,0,0,0,0,0,0,0,0,0,0,0,0,0,0,0,0,0,0,0,0,0,0,0,0,0,0,0,0,0,0,0,0,0,0,0,0,0,0,0,0,0,0,0,0,0,0,0,0,0,0,0,0,0,0,0
"61","2021-9",0,0,0,0,0,0,0,0,0,0,0,0,0,0,0,0,0,0,0,0,0,0,0,0,0,NA,0,0,0,0,0,0,0,0,0,0,0,0,0,0,0,0,0,0,0,0,0,0,0,0,0,0,0,0,0,0,0,0,0,0,0,0,0,0,0,0,0,0,0,0,0,0,0,0,0,0,0,0,0,0,0,0
"62","2021-10",0,0,0,0,0,0,0,0,0,0,0,0,0,0,0,0,0,0,0,0,0,0,0,0,0,NA,0,0,0,0,0,0,0,0,0,0,0,0,0,0,0,0,0,0,0,0,0,0,0,0,0,0,0,0,0,0,0,0,0,0,0,0,0,0,0,0,0,0,0,0,0,0,0,0,0,0,0,0,0,0,0,0
"63","2021-11",0,0,0,0,0,0,0,0,0,0,0,0,0,0,0,0,0,0,0,0,0,0,0,0,0,NA,0,0,0,0,0,0,0,0,0,0,0,0,0,0,0,0,0,0,0,0,0,0,0,0,0,0,0,0,0,0,0,0,0,0,0,0,0,0,0,0,0,0,0,0,0,0,0,0,0,0,0,0,0,0,0,0
"64","2021-12",0,0,0,0,0,0,0,0,0,0,0,0,0,0,0,0,0,0,0,0,0,0,0,0,0,NA,0,0,0,0,0,0,0,0,0,0,0,0,0,0,0,0,0,0,0,0,0,0,0,0,0,0,0,0,0,0,0,0,0,0,0,0,0,0,0,0,0,0,0,0,0,0,0,0,0,0,0,0,0,0,0,0
"65","2021-13",0,0,0,0,0,0,0,0,0,0,0,0,0,0,0,0,0,0,0,0,0,0,0,0,0,NA,0,0,0,0,0,0,0,0,0,0,0,0,0,0,0,0,0,0,0,0,0,0,0,0,0,0,0,0,0,0,0,0,0,0,0,0,0,0,0,0,0,0,0,0,0,0,0,0,0,0,0,0,0,0,0,0
"66","2021-14",0,0,0,0,0,0,0,0,0,0,0,0,0,0,0,0,0,0,0,0,0,0,0,0,0,NA,0,0,0,0,0,0,0,0,0,0,0,0,0,0,0,0,0,0,0,0,0,0,0,0,0,0,0,0,0,0,0,0,0,0,0,0,0,0,0,0,0,0,0,0,0,0,0,0,0,0,0,0,0,0,0,0
"67","2021-15",0,0,5.0549817,0,4.6187186,0,0,0,15.938333,0,8.032161,0,0,0,0,0,9.200623,7.1797776,6.7874093,0,0,0,4.8649306,0,2.9128337,NA,4.092424,0,18.408575,21.8453,0,14.867308,0,4.97756,0,0,0,0,0,9.200623,0,0,11.23852,0,0,0,11.937517,0,7.562927,0,27.910957,0,17.309721,0,0,0,9.015152,9.446046,0,0,11.23852,0,0,0,6.2056575,0,0,15.938333,0,0,15.548953,0,21.063566,14.39156,8.873033,0,0,16.547678,0,0,5.4293313,0
"68","2021-16",0,0,0,0,0,0,0,0,0,0,0,0,0,0,0,0,0,0,0,0,0,0,0,0,0,NA,0,0,0,0,0,0,0,0,0,0,0,0,0,0,0,0,0,0,0,0,0,0,0,0,0,0,0,0,0,0,0,0,0,0,0,0,0,0,0,0,0,0,0,0,0,0,0,0,0,0,0,0,0,0,0,0
"69","2021-17",0,0,0,0,0,0,0,0,0,0,0,0,0,0,0,0,0,0,0,0,0,0,0,0,0,NA,0,0,0,0,0,0,0,0,0,0,0,0,0,0,0,0,0,0,0,0,0,0,0,0,0,0,0,0,0,0,0,0,0,0,0,0,0,0,0,0,0,0,0,0,0,0,0,0,0,0,0,0,0,0,0,0
"70","2021-18",0,0,0,0,0,0,0,0,0,0,0,0,0,0,0,0,0,0,0,0,0,0,0,0,0,NA,0,0,0,0,0,0,0,0,0,0,0,0,0,0,0,0,0,0,0,0,0,0,0,0,0,0,0,0,0,0,0,0,0,0,0,0,0,0,0,0,0,0,0,0,0,0,0,0,0,0,0,0,0,0,0,0
"71","2021-19",0,0,0,0,0,0,0,0,0,0,0,0,0,0,0,0,0,0,0,2.6845708,0,0,0,0,0,NA,0,0,0,0,0,4.834168,0,0,0,0,0,0,0,0,0,0,0,0,3.4959807,0,0,0,0,0,0,0,0,0,0,0,0,0,0,0,0,0,0,0,0,0,0,0,0,0,0,0,0,0,0,0,0,0,0,0,0,6.136529
"72","2021-20",0,0,0,0,0,0,0,0,0,0,0,0,0,0,0,0,0,0,0,0,0,0,0,0,0,NA,0,0,0,0,0,0,0,0,0,0,0,0,0,0,0,0,0,0,0,0,0,0,0,0,0,0,0,0,0,0,0,0,0,0,0,0,0,0,0,0,0,0,0,0,0,0,0,0,0,0,0,0,0,0,0,0
"73","2021-21",0,0,0,0,0,0,0,0,0,0,0,0,0,0,0,0,0,0,0,0,0,0,0,0,0,NA,0,0,0,0,0,0,0,0,0,0,0,0,0,0,0,0,0,0,0,0,0,0,8.724662,0,0,0,0,0,0,0,0,0,0,0,0,0,0,0,0,0,0,0,0,0,0,0,0,0,0,0,0,0,0,0,0,0
"74","2021-22",0,0,0,0,0,0,0,0,0,0,0,0,0,0,0,0,0,0,0,0,0,0,0,0,0,NA,0,0,0,0,0,0,0,0,0,0,0,0,0,0,0,0,0,0,0,0,0,0,0,0,0,0,0,0,0,0,0,0,0,0,0,0,0,0,0,0,0,0,0,0,0,0,0,0,0,0,0,0,0,0,0,0
"75","2021-23",0,0,0,0,0,7.853493,0,0,7.706387,0,0,0,5.0945067,0,9.220064,0,0,0,0,5.428069,0,6.2820787,0,0,0,NA,0,0,0,0,7.155447,0,0,0,0,0,0,0,0,0,8.116385,0,0,7.4882574,0,6.9757843,0,0,0,0,0,0,0,0,8.627121,0,0,0,0,0,0,0,10.466539,7.0688195,0,0,0,7.706387,6.65541,7.0688195,0,0,0,0,0,7.0688195,0,0,0,0,0,0
"76","2021-24",0,0,0,0,0,0,3.9743664,0,0,0,0,0,0,0,0,0,0,0,0,0,0,4.0903854,0,0,0,NA,0,0,0,0,0,0,0,0,4.5463276,0,0,0,0,0,0,0,0,0,3.9757538,0,0,5.2817845,0,3.8478618,0,0,0,0,0,0,0,0,0,0,0,0,4.870874,0,0,0,0,0,0,0,0,4.3625636,0,0,0,0,0,0,0,0,0,0
"77","2021-25",0,0,0,0,0,0,0,0,0,0,0,0,0,0,0,0,0,0,0,0,0,0,0,0,0,NA,0,0,0,0,0,0,0,0,0,0,0,0,0,0,0,0,0,0,0,0,0,0,0,0,13.170647,0,0,0,0,0,0,7.260655,0,0,0,0,0,0,0,0,0,0,0,0,0,0,0,0,0,0,0,0,0,0,0,0
"78","2021-26",0,0,0,0,0,5.791201,0,4.9617367,0,0,0,0,0,4.2278614,7.3262763,0,0,0,0,0,0,0,0,0,0,NA,0,0,0,0,0,0,0,0,0,0,0,0,0,0,5.6447616,0,0,4.139021,0,0,0,0,0,0,0,0,0,0,0,0,0,7.260655,0,0,0,0,0,0,0,0,0,0,0,0,0,0,0,0,0,0,6.300685,0,0,0,0,0
"79","2021-27",6.393563,0,0,0,0,0,1.9076884,0,0,0,0,0,1.3344494,0,2.1677926,1.9859111,2.0409956,1.7162141,0,0,0,0,0,0,2.4290287,NA,3.4943318,0,0,0,0,5.07072,0,2.1529036,0,0,0,0,0,2.0409956,0,0,0,0,0,0,0,0,0,2.2962642,0,0,0,2.6985211,0,0,0,0,0,0,0,0,0,0,0,0,0,0,0,0,0,0,0,0,0,0,0,0,0,0,0,0
"80","2021-28",0,0,0,0,0,0,0,0,0,0,0,0,0,0,0,0,0,0,0,0,0,0,0,0,0,NA,0,0,0,0,0,0,0,0,0,0,0,0,0,0,0,0,0,0,0,0,0,0,0,0,0,0,0,0,0,0,0,0,0,0,0,0,0,0,0,0,0,0,0,0,0,0,0,0,0,0,0,0,0,0,0,0
"81","2021-29",0,0,0,0,0,0,0,0,0,0,0,0,0,0,0,0,0,0,0,0,0,0,0,0,0,NA,0,0,0,0,0,0,0,0,0,0,0,0,0,0,0,0,0,0,0,0,0,0,0,0,0,0,0,0,0,0,0,0,0,0,0,0,0,0,0,0,0,0,0,0,0,0,0,0,0,0,0,0,0,0,0,0
"82","2021-30",0,0,0,0,0,0,0,0,0,0,0,0,0,0,0,0,0,0,0,0,0,0,0,0,0,NA,0,0,0,0,0,0,0,0,0,0,0,0,0,0,0,0,0,0,0,0,0,0,0,0,0,0,0,0,0,0,0,0,0,0,0,0,0,0,0,0,0,0,0,0,0,0,0,0,0,0,0,0,0,0,0,0
"83","2021-31",7.171245,5.3548155,3.7352586,3.1223204,0,5.6145015,7.0772896,0,3.5352955,4.9577603,0,0,0,0,0,0,0,0,0,0,4.44331,2.5877683,3.42702,6.374975,2.5934503,NA,5.562038,0,0,0,0,0,0,0,0,0,0,0,0,0,6.0704966,3.9705286,0,0,4.795311,11.205032,0,0,7.5985312,3.3735752,0,0,0,4.1485863,0,6.9511228,0,8.809157,0,0,0,4.44331,0,0,0,0,0,3.5352955,0,0,0,5.0833254,0,0,0,0,0,0,0,0,0,7.651317
"84","2021-32",0,0,0,0,0,0,0,0,0,0,0,0,0,0,0,0,0,0,0,0,0,0,0,0,0,NA,0,0,0,0,0,0,0,0,0,0,0,0,0,0,0,0,0,0,0,0,0,0,7.5985312,0,0,0,0,0,0,0,0,0,0,0,0,0,0,0,0,0,0,0,0,0,0,0,0,0,0,0,0,0,0,0,0,0
"85","2021-33",9.466707,0,0,0,0,0,0,0,0,0,0,14.265438,0,0,9.158495,0,0,0,0,0,0,0,0,0,0,NA,0,0,0,0,11.775406,0,0,0,0,5.782944,0,0,0,0,0,0,0,0,0,0,0,0,6.361295,0,0,0,0,0,4.1107993,0,0,0,0,0,0,0,0,0,0,0,0,0,10.059037,0,0,0,0,0,0,0,0,0,0,0,0,0
"86","2021-34",0,0,0,0,0,0,0,0,0,0,0,0,0,0,7.77975,0,0,0,0,0,0,0,0,0,0,NA,0,0,0,0,0,0,0,0,0,0,0,0,0,0,0,0,0,0,0,0,0,0,0,0,0,0,0,0,0,0,0,0,0,0,0,0,0,0,0,0,0,0,0,0,0,0,0,0,0,0,0,0,0,0,0,0
"87","2021-35",0,0,0,0,0,0,0,0,0,0,0,0,0,0,0,0,0,0,0,0,0,0,0,0,0,NA,0,0,0,0,0,0,0,0,0,0,0,0,0,0,0,0,0,0,0,0,0,0,0,0,0,0,0,0,0,0,0,0,9.612335,0,0,0,0,0,0,0,0,0,0,0,0,0,0,0,0,0,0,0,0,0,0,0
"88","2021-36",6.2195525,0,7.49506,0,0,0,6.339141,3.7890842,6.684024,5.2433605,0,4.126128,0,0,5.708581,0,6.032151,0,0,0,0,0,6.1024246,0,8.334516,NA,7.4668694,8.617081,0,0,10.613379,0,0,0,0,4.2794824,0,5.3498607,0,6.032151,6.1937284,6.606677,0,8.854264,0,5.584062,0,0,0,7.1180263,0,0,0,0,6.849756,0,0,0,0,0,0,0,7.600803,4.694263,0,0,0,6.684024,10.785203,4.694263,0,0,0,0,0,4.694263,0,0,5.8457437,0,8.008758,0
"89","2021-37",0,0,0,0,0,0,6.339141,0,0,0,0,4.97123,0,0,0,5.7887325,0,0,0,0,0,5.6225357,0,5.2596846,0,NA,0,0,0,0,0,0,0,0,0,0,0,0,0,0,11.501126,0,0,0,0,7.011659,0,6.0597568,0,7.1180263,0,0,0,0,0,0,13.483866,12.372855,0,0,0,0,7.600803,0,0,8.600149,0,0,4.4507093,0,0,0,0,6.3188643,0,0,0,0,5.8457437,0,0,7.741017
"90","2021-38",0,11.814731,0,0,0,0,0,0,0,0,12.169601,0,0,0,0,7.332465,0,0,0,0,0,0,0,0,0,NA,0,0,0,0,0,0,0,0,0,0,0,0,0,0,0,0,0,0,0,0,0,8.660768,8.239398,0,0,0,0,0,0,0,14.364266,0,0,0,0,0,0,0,0,0,0,0,0,0,0,0,0,0,0,0,0,0,0,0,0,0
"91","2021-39",0,0,0,0,0,0,0,0,0,0,0,0,0,0,7.047603,0,0,0,0,0,0,0,0,0,0,NA,0,0,0,0,0,0,0,0,0,0,0,0,0,0,0,0,0,0,0,0,0,0,0,0,0,0,0,0,0,0,0,0,0,0,0,0,0,0,0,0,0,0,0,0,0,0,0,0,0,0,0,0,0,0,0,0
"92","2021-40",0,0,0,5.1091104,0,0,0,0,0,5.081244,0,0,0,0,6.7196193,0,0,0,0,0,0,3.4436784,0,0,0,NA,0,0,0,0,0,0,0,0,0,0,0,0,0,0,0,5.190486,0,0,0,0,0,4.521248,0,5.449611,0,0,0,0,0,0,0,0,0,0,0,0,0,0,0,0,6.6379094,0,0,0,0,5.7742496,0,0,0,0,0,0,4.5265536,0,0,5.4070177
"93","2021-41",0,0,0,0,0,0,8.946525,0,0,0,0,0,0,0,0,11.346447,0,0,0,0,0,0,0,0,0,NA,0,0,0,0,0,0,0,0,0,0,0,0,0,0,0,9.179961,0,0,8.812649,0,0,0,0,10.42672,0,6.9006495,0,13.952446,0,8.865224,0,9.427123,8.186408,0,0,0,0,0,0,10.464794,7.606333,0,0,0,0,0,0,0,8.8386,0,0,0,0,0,0,0
"94","2021-42",0,0,0,0,0,0,0,0,0,0,0,0,0,0,4.20847,0,0,0,0,0,0,0,0,0,0,NA,0,0,0,0,0,0,0,0,0,0,0,0,0,0,0,0,0,0,0,0,0,0,0,0,0,0,0,0,0,0,0,0,0,0,0,0,0,0,0,0,0,0,0,0,0,0,0,0,0,0,0,0,0,0,0,0
"95","2021-43",0,0,0,0,0,0,0,0,0,0,0,0,0,0,0,0,0,0,0,0,0,0,0,0,0,NA,0,0,0,0,0,0,0,0,0,0,0,0,0,0,0,0,0,0,0,0,0,0,0,0,0,0,0,0,0,0,0,0,0,0,0,0,0,0,0,0,0,0,0,0,0,0,0,0,0,0,0,0,0,0,0,0
"96","2021-44",0,0,0,0,0,0,0,0,0,0,0,0,0,0,0,0,0,0,0,0,0,0,0,0,0,NA,0,0,0,0,0,0,0,0,0,0,0,0,0,0,0,0,0,0,0,0,0,0,0,0,0,0,0,0,0,0,0,0,0,0,0,0,0,0,0,0,0,0,0,0,0,0,0,0,0,0,0,0,0,0,0,0
"97","2021-45",0,0,0,0,0,0,0,0,0,0,0,0,0,0,0,0,0,0,0,0,0,0,0,0,0,NA,0,0,0,0,0,0,0,0,0,0,0,0,0,0,0,0,0,0,0,0,0,0,0,0,0,0,0,0,0,0,0,0,0,0,0,0,0,0,0,0,0,0,0,0,0,0,0,0,0,0,0,0,0,0,0,0
"98","2021-46",0,0,0,0,0,0,0,0,0,0,0,0,0,0,0,0,0,0,0,0,0,0,0,0,0,NA,0,0,0,0,0,0,0,0,0,0,0,0,0,0,0,0,0,0,0,0,0,0,0,0,0,0,0,0,0,0,0,0,0,0,0,0,0,0,0,0,0,0,0,0,0,0,0,0,0,0,0,0,0,0,0,0
"99","2021-47",0,0,0,0,0,0,0,0,0,0,0,0,0,0,0,0,0,0,0,0,0,0,0,0,0,NA,0,0,0,0,0,0,0,0,0,0,0,0,0,0,0,0,0,0,0,0,0,0,0,0,0,0,0,0,0,0,0,0,0,0,0,0,0,0,0,0,0,0,0,0,0,0,0,0,0,0,0,0,0,0,0,0
"100","2021-48",0,0,0,0,0,0,0,0,0,0,0,0,0,0,0,0,0,0,0,0,0,0,0,0,0,NA,0,0,0,0,0,0,0,0,0,0,0,0,0,0,0,0,0,0,0,0,0,0,0,0,0,0,0,0,0,0,0,0,0,0,0,0,0,0,0,0,0,0,0,0,0,0,0,0,0,0,0,0,0,0,0,0
"101","2021-49",0,0,0,0,0,0,0,0,0,0,0,0,0,0,0,0,0,0,0,0,0,0,0,0,0,NA,0,0,0,0,0,0,0,0,0,0,0,0,0,0,0,0,0,0,0,0,0,0,0,0,0,0,0,0,0,0,0,0,0,0,0,0,0,0,0,0,0,0,0,0,0,0,0,0,0,0,0,0,0,0,0,0
"102","2021-50",0,0,0,0,0,0,0,0,0,0,0,0,0,0,0,0,0,0,0,0,0,0,0,0,0,NA,0,0,0,0,0,0,0,0,0,0,0,0,0,0,0,0,0,0,0,0,0,0,0,0,0,0,0,0,0,0,0,0,0,0,0,0,0,0,0,0,0,0,0,0,0,0,0,0,0,0,0,0,0,0,0,0
"103","2021-51",0,0,0,0,0,0,0,0,0,0,0,0,0,0,0,0,0,0,0,0,0,0,0,0,0,NA,0,0,0,0,0,0,0,0,0,0,0,0,0,0,0,0,0,0,0,0,0,0,0,0,0,0,0,0,0,0,0,0,0,0,0,0,0,0,0,0,0,0,0,0,0,0,0,0,0,0,0,0,0,0,0,0
"104","2021-52",0,0,0,0,0,0,0,0,0,0,0,0,0,0,0,0,0,0,0,0,0,0,0,0,0,NA,0,0,0,0,0,0,0,0,0,0,0,0,0,0,0,0,0,0,0,0,0,0,0,0,0,0,0,0,0,0,0,0,0,0,0,0,0,0,0,0,0,0,0,0,0,0,0,0,0,0,0,0,0,0,0,0
"105","2022-1",0,0,0,0,0,0,0,0,0,0,0,0,0,0,0,0,0,0,0,0,0,0,0,0,0,NA,0,0,0,0,0,0,0,0,0,0,0,0,0,0,0,0,0,0,0,0,0,0,0,0,0,0,0,0,0,0,0,0,0,0,0,0,0,0,0,0,0,0,0,0,0,0,0,0,0,0,0,0,0,0,0,0
"106","2022-2",0,0,0,0,0,0,0,0,0,0,0,0,0,0,0,0,0,0,0,0,0,0,0,0,0,NA,0,0,0,0,0,0,0,0,0,0,0,0,0,0,0,0,0,0,0,0,0,0,0,0,0,0,0,0,0,0,0,0,0,0,0,0,0,0,0,0,0,0,0,0,0,0,0,0,0,0,0,0,0,0,0,0
"107","2022-3",0,0,0,0,0,0,0,0,0,0,0,0,0,0,0,0,0,0,0,0,0,0,0,0,0,NA,0,0,0,0,0,0,0,0,0,0,0,0,0,0,0,0,0,0,0,0,0,0,0,0,0,0,0,0,0,0,0,0,0,0,0,0,0,0,0,0,0,0,0,0,0,0,0,0,0,0,0,0,0,0,0,0
"108","2022-4",0,0,0,0,0,0,0,0,0,0,0,0,0,0,0,0,0,0,0,0,0,0,0,0,0,NA,0,0,0,0,0,0,0,0,0,0,0,0,0,0,0,0,0,0,0,0,0,0,0,0,0,0,0,0,0,0,0,0,0,0,0,0,0,0,0,0,0,0,0,0,0,0,0,0,0,0,0,0,0,0,0,0
"109","2022-5",0,0,0,0,0,0,0,0,0,0,0,0,0,0,0,0,0,0,0,0,0,0,0,0,0,NA,0,0,0,0,0,0,0,0,0,0,0,0,0,0,0,0,0,0,0,0,0,0,0,0,0,0,0,0,0,0,0,0,0,0,0,0,0,0,0,0,0,0,0,0,0,0,0,0,0,0,0,0,0,0,0,0
"110","2022-6",0,0,0,0,0,0,0,0,0,0,0,0,0,0,0,0,0,0,0,0,0,0,0,0,0,NA,0,0,0,0,0,0,0,0,0,0,0,0,0,0,0,0,0,0,0,0,0,0,0,0,0,0,0,0,0,0,0,0,0,0,0,0,0,0,0,0,0,0,0,0,0,0,0,0,0,0,0,0,0,0,0,0
"111","2022-7",0,0,0,0,0,0,0,0,0,0,0,0,0,0,0,0,0,0,0,0,0,0,0,0,0,NA,0,0,0,0,0,0,0,0,0,0,0,0,0,0,0,0,0,0,0,0,0,0,0,0,0,0,0,0,0,0,0,0,0,0,0,0,0,0,0,0,0,0,0,0,0,0,0,0,0,0,0,0,0,0,0,0
"112","2022-8",0,0,0,0,0,0,0,0,0,0,0,0,0,0,0,0,0,0,0,0,0,0,0,0,0,NA,0,0,0,0,0,0,0,0,0,0,0,0,0,0,0,0,0,0,0,0,0,0,0,0,0,0,0,0,0,0,0,0,0,0,0,0,0,0,0,0,0,0,0,0,0,0,0,0,0,0,0,0,0,0,0,0
"113","2022-9",0,0,0,0,0,0,0,0,0,0,0,0,0,0,0,0,0,0,0,0,0,0,0,0,0,NA,0,0,0,0,0,0,0,0,0,0,0,0,0,0,0,0,0,0,0,0,0,0,0,0,0,0,0,0,0,0,0,0,0,0,0,0,0,0,0,0,0,0,0,0,0,0,0,0,0,0,0,0,0,0,0,0
"114","2022-10",0,0,0,0,0,0,0,0,0,0,0,0,0,0,0,0,0,0,0,0,0,0,0,0,0,NA,0,0,0,0,0,0,0,0,0,0,0,0,0,0,0,0,0,0,0,0,0,0,0,0,0,0,0,0,0,0,0,0,0,0,0,0,0,0,0,0,0,0,0,0,0,0,0,0,0,0,0,0,0,0,0,0
"115","2022-11",0,0,0,0,0,0,0,0,0,0,0,0,0,0,0,0,0,0,0,0,0,0,0,0,0,NA,0,0,0,0,0,0,0,0,0,0,0,0,0,0,0,0,0,0,0,0,0,0,0,0,0,0,0,0,0,0,0,0,0,0,0,0,0,0,0,0,0,0,0,0,0,0,0,0,0,0,0,0,0,0,0,0
"116","2022-12",0,0,0,0,0,0,0,0,0,0,0,0,0,0,0,0,0,0,0,0,0,0,0,0,0,NA,0,0,0,0,0,0,0,0,0,0,0,0,0,0,0,0,0,0,0,0,0,0,0,0,0,0,0,0,0,0,0,0,0,0,0,0,0,0,0,0,0,0,0,0,0,0,0,0,0,0,0,0,0,0,0,0
"117","2022-13",0,0,0,0,0,0,0,0,0,0,0,0,0,0,2.686292,0,0,0,0,0,0,0,0,0,0,NA,0,0,0,0,0,0,0,0,0,0,0,0,0,0,0,0,0,0,0,0,0,0,0,0,0,0,0,0,0,0,0,0,0,0,0,0,0,0,0,0,0,0,0,0,0,0,0,0,0,0,0,0,0,0,0,0
"118","2022-14",0,0,0,0,0,0,0,0,0,0,0,0,0,0,0,0,0,0,0,0,0,0,0,0,0,NA,0,0,0,0,0,0,0,0,0,0,0,0,0,0,0,0,0,0,0,0,0,0,0,0,0,0,0,0,0,0,0,0,0,0,0,0,0,0,0,0,0,0,0,0,0,0,0,0,0,0,0,0,0,0,0,0
"119","2022-15",0,0,0,0,0,0,0,0,0,0,0,0,0,0,0,0,0,0,0,0,0,0,0,0,0,NA,0,0,0,0,0,0,0,0,0,0,0,0,0,0,0,0,0,0,0,0,0,0,0,0,0,0,0,0,0,0,0,0,0,0,0,0,0,0,0,0,0,0,0,0,0,0,0,0,0,0,0,0,0,0,0,0
"120","2022-16",0,0,0,0,0,0,0,0,0,0,0,0,0,0,0,0,0,0,0,0,0,0,0,0,0,NA,0,0,0,0,0,0,0,0,0,0,0,0,0,0,0,0,0,0,0,0,0,0,0,0,0,0,0,0,0,0,0,0,0,0,0,0,0,0,0,0,0,0,0,0,0,0,0,0,0,0,0,0,0,0,0,0
"121","2022-17",0,17.577635,0,12.188937,12.002133,17.614672,0,0,0,9.256454,6.6601586,0,8.854624,0,0,0,7.018616,8.529564,0,10.389367,10.147754,5.0695853,0,0,6.336817,NA,0,9.790888,0,0,0,13.30616,0,6.822115,8.7312765,0,0,0,0,7.018616,0,7.7512574,10.231297,0,0,0,0,0,4.7866793,0,21.653164,0,0,0,0,0,0,0,0,0,10.231297,10.147754,0,11.0483,10.732706,5.671191,11.839088,0,0,11.0483,0,0,0,5.5132766,0,11.0483,0,7.830824,0,0,13.362267,0
"122","2022-18",0,0,0,0,0,0,0,0,0,0,0,0,0,4.7144566,0,0,0,0,0,0,0,0,0,0,0,NA,0,0,0,0,0,0,0,0,0,0,0,0,0,0,0,0,0,0,0,8.178126,0,0,0,0,0,0,0,0,0,0,0,0,0,0,0,0,10.295536,0,0,0,0,0,0,0,0,0,0,0,0,0,0,0,0,0,0,0
"123","2022-19",0,0,0,0,0,0,0,0,0,0,0,0,0,0,0,0,0,0,0,0,0,0,0,0,0,NA,0,0,0,0,0,0,0,0,0,0,0,0,0,0,0,0,0,0,0,0,0,0,0,0,0,0,0,0,0,0,0,0,0,0,0,0,0,0,0,0,0,0,0,0,0,0,0,0,0,0,0,0,0,0,0,0
"124","2022-20",0,0,0,0,0,6.6180964,0,0,0,0,0,0,0,0,0,0,4.743279,0,0,4.4385314,0,0,0,0,0,NA,0,0,0,0,0,0,3.9434476,0,0,0,0,0,0,4.743279,0,0,0,0,0,0,0,0,0,0,0,0,0,0,0,0,0,0,0,0,0,0,0,4.0995846,0,0,0,0,0,4.0995846,0,0,0,0,0,4.0995846,0,0,0,0,0,0
"125","2022-21",0,0,3.828959,0,0,0,0,0,0,0,0,0,0,0,0,0,0,0,0,0,0,0,0,6.437873,0,NA,4.4372187,0,0,7.596884,3.9782193,0,0,0,0,0,0,0,0,0,0,0,0,0,0,4.3044696,0,0,0,5.0905523,0,8.885121,0,7.583426,0,6.14428,0,11.235814,0,0,0,0,0,0,0,0,0,0,4.422558,0,0,0,0,0,0,0,0,0,0,0,0,0
"126","2022-22",7.7971168,0,7.7680283,0,0,0,0,4.4980526,9.627025,8.248589,0,3.7359924,0,4.614321,0,0,8.649716,0,0,0,0,10.107909,8.898945,0,8.403748,NA,9.120822,5.335942,0,8.744727,0,0,0,9.08545,0,3.994826,0,0,0,8.649716,10.566401,0,0,0,14.079169,0,0,0,0,7.4999647,0,0,0,12.899461,0,0,0,11.235814,0,8.405158,0,0,0,6.937826,0,10.531011,9.34583,9.627025,0,6.937826,0,12.087696,0,0,12.5859,6.937826,6.5407944,0,0,0,0,9.392852
"127","2022-23",0,0,0,0,0,0,12.5139265,11.73347,9.844813,0,7.6966915,10.993133,0,10.03185,6.9088902,0,0,0,0,0,0,10.822841,8.64691,11.500744,0,NA,0,14.502158,0,0,8.943741,0,0,0,0,0,0,0,0,0,13.326331,0,0,10.789736,0,10.468259,0,12.253565,0,0,0,9.255178,0,0,7.7250366,10.762654,0,0,0,0,0,0,12.594502,0,0,0,0,9.844813,0,0,0,0,0,0,0,0,8.417179,0,13.016396,0,0,10.590419
"128","2022-24",8.978583,11.194117,9.499197,10.369533,3.6863017,0,0,0,8.353255,8.257076,0,0,0,0,0,0,0,0,0,0,8.136203,0,7.9493227,8.386915,0,NA,11.029128,10.601085,1.9029914,6.9417624,0,0,5.59701,0,0,3.9791882,0,5.7003036,0.96341187,0,10.604299,11.812089,0,4.8707514,11.593759,0,0,9.688156,0,11.727661,0,9.784027,1.3972675,10.381961,0,11.019758,0,0,7.621609,0,0,8.136203,13.388562,0,0,0,9.655373,8.353255,0,0,3.5314748,11.880523,1.6250898,0,0,0,5.9916162,2.7676814,0,0,0,13.485574
"129","2022-25",0,0,8.285988,0,0,11.602853,10.726132,10.976248,10.856243,0,0,5.9149585,0,7.029453,4.5217447,0,0,0,9.794428,0,7.545457,7.235075,6.367467,7.088315,8.249893,NA,8.9285145,0,4.2260666,10.263379,7.975234,0,0,0,11.389902,4.716049,1.8790486,15.563622,1.5294346,0,7.12047,0,7.5247746,10.060674,7.9352026,8.61001,0,8.01421,0,8.814402,0,9.042743,3.9566684,16.862448,0,6.2606215,5.2704806,8.917458,10.753266,8.266853,7.5247746,7.545457,10.6903925,7.0941086,7.3390718,8.123923,0,10.856243,8.658647,7.0941086,8.756327,9.259016,3.1420085,0,11.066155,7.0941086,8.134342,4.7341495,7.0481257,13.824723,7.8679066,10.073801
"130","2022-26",2.5916336,0,0,0,0,0,0,0,0,0,5.112954,0,0,0,0,4.0405755,0,0,0,0,0,0,0,0,0,NA,0,6.105896,0,3.4211261,0,0,0,0,0,0,0,3.7011487,0,0,0,0,0,0,0,0,0,0,0,0,0,3.9465654,0,0,0,0,4.8360686,6.435787,0,0,0,0,0,0,0,0,0,0,0,0,0,0,0,0,0,0,3.8562539,0,0,0,0,0
"131","2022-27",0,0,0,0,0,0,0,0,0,0,0,0,0,0,0,0,0,0,0,0,0,0,0,0,0,NA,0,0,0,0,0,0,0,0,0,0,0,0,0,0,0,0,0,0,4.2586064,0,0,0,0,0,0,0,0,0,0,0,0,0,0,0,0,0,0,0,0,0,0,0,0,0,0,0,0,0,0,0,0,0,0,0,0,6.087138
"132","2022-28",0,0,0,0,0,0,0,0,0,0,0,0,0,0,0,0,0,0,0,0,0,0,0,0,0,NA,0,0,0,0,0,0,0,0,0,0,0,0,0,0,0,0,0,0,0,0,0,0,0,0,0,0,0,0,0,0,0,0,0,0,0,0,0,0,0,0,0,0,0,0,0,0,0,0,0,0,0,0,0,0,0,0
"133","2022-29",0,0,0,0,0,0,0,0,0,0,0,0,0,0,0,0,0,0,0,0,0,0,0,1.9481523,0,NA,0,0,5.3648934,0,0,0,0,0,0,0,5.7318196,5.6944647,0,0,0,0,0,0,0,0,0,0,0,0,0,0,0,0,0,0,0,0,0,3.425837,0,0,0,0,0,0,0,0,4.379159,0,3.9994059,0,3.9708898,0,0,0,0,0,0,0,0,0
"134","2022-30",0,0,0,0,0,0,0,0,0,0,0,0,0,0,0,0,0,0,0,0,0,0,0,0,0,NA,0,0,0,0,0,0,0,0,0,0,0,0,0,0,0,0,0,0,0,0,0,0,0,0,0,0,0,0,0,0,0,0,0,0,0,0,0,0,0,0,0,0,0,0,0,0,0,0,0,0,0,0,0,0,0,0
"135","2022-31",0,0,0,0,0,0,0,0,0,0,0,0,0,0,6.253135,0,0,0,0,0,0,0,0,0,0,NA,0,0,0,0,0,0,0,0,0,0,0,0,0,0,0,0,0,0,0,0,0,0,7.4072914,0,0,0,0,0,0,0,0,0,0,0,0,0,0,0,0,0,0,0,0,0,0,0,0,0,0,0,0,0,0,0,0,0
"136","2022-32",0,0,0,0,0,0,9.23799,0,0,0,7.8853774,0,0,0,0,0,0,0,0,2.9272428,0,5.35838,0,8.131413,0,NA,0,0,0,0,0,0,0,0,0,0,0,0,0,0,3.5070894,6.834647,0,0,3.6333928,0,0,6.973287,13.992134,3.9847357,0,0,0,0,0,10.212431,12.237591,0,0,0,0,0,9.920077,0,0,0,0,0,0,0,0,3.4271472,0,0,0,0,0,0,3.8200624,0,0,4.386396
"137","2022-33",0,0,0,0,0,0,0,0,0,0,0,0,0,0,0,0,0,0,0,0,0,0,0,0,0,NA,0,0,0,0,0,0,0,0,0,0,0,0,0,0,0,0,0,0,0,0,0,0,0,0,0,0,0,0,0,0,0,0,0,0,0,0,0,0,0,0,0,0,0,0,0,0,0,0,0,0,0,0,0,0,0,0
"138","2022-34",0,0,0,0,0,0,0,0,0,0,0,0,0,0,6.0728235,0,0,0,0,0,0,0,0,0,0,NA,0,0,0,0,0,0,0,0,0,0,0,0,0,0,0,0,0,0,0,0,0,0,0,0,0,0,0,0,0,0,0,0,0,0,0,0,0,0,0,0,0,0,0,0,0,0,0,0,0,0,0,0,0,0,0,0
"139","2022-35",0,0,6.0304275,5.5380225,0,6.4866242,5.4094324,0,4.9009576,0,10.254655,0,0,0,6.0728235,11.66449,0,0,8.054931,0,5.0961285,0,0,0,0,NA,6.2522902,0,0,5.296928,0,0,0,0,0,0,0,0,0,0,0,0,0,0,5.8105135,0,0,0,0,6.210109,0,0,0,6.4781966,0,6.8009768,0,0,0,0,0,5.0961285,0,0,0,0,0,4.9009576,0,0,0,6.0370126,0,0,0,0,0,0,0,0,3.8687012,6.1242676
"140","2022-36",0,0,0,0,8.489429,0,12.900437,0,0,0,7.687609,0,9.646484,0,5.5964227,0,10.067727,0,0,10.599255,8.330563,8.250079,0,10.002185,0,NA,0,0,0,0,5.361431,0,0,0,0,2.956317,0,0,0,10.067727,11.797934,0,0,0,0,5.452657,0,9.909809,11.657257,11.529991,0,12.202249,0,0,8.964808,0,20.088894,13.698053,0,0,0,8.330563,10.759125,10.050453,12.627421,8.869407,0,0,0,10.050453,0,0,0,0,0,10.050453,4.757712,0,10.5466585,0,0,0
"141","2022-37",8.118412,13.392383,9.335843,8.3247595,0,12.629236,5.9769354,3.9973388,8.19598,6.4600368,0,4.128681,0,2.3657343,7.65948,0,0,7.3642926,0,0,6.991978,4.744972,7.1628447,7.0467277,0,NA,8.7734995,8.7764,0,7.179601,3.1281128,0,2.256746,0,8.928208,1.9260033,0,0,0,0,13.959172,6.5683613,6.7430887,8.371323,11.910178,5.452657,0,0,0,7.5202107,11.159182,6.971146,0,8.870922,8.283695,17.189758,14.5827675,10.737277,7.251401,9.716258,6.7430887,6.991978,6.707998,0,7.409404,11.458184,6.9222074,8.19598,3.237367,0,0,13.078047,0,0,0,0,5.3779683,0,7.4058795,3.5452666,0,6.9319057
"142","2022-38",0,0,0,0,0,0,0,0,0,0,0,0,0,0,0,0,0,0,0,0,0,0,0,0,0,NA,0,0,0,0,0,0,0,0,0,0,0,0,0,0,0,0,0,0,0,0,0,0,0,0,0,0,0,0,0,0,0,0,0,0,0,0,0,0,0,0,0,0,0,0,0,0,0,0,0,0,0,0,0,0,0,0
"143","2022-39",7.707369,8.138561,8.304703,7.952477,3.439556,9.731761,6.8506317,0,6.4207234,0,0,6.6924205,0,0,0,0,0,0,6.052162,5.0433264,0,0,0,6.6066146,4.981887,NA,8.324918,5.8847084,2.860105,6.8765106,0,0,0,0,7.2924347,5.493945,0,0,0.89732945,0,0,0,5.633399,0,6.8577394,0,4.002939,5.2918334,0,0,6.948968,7.419223,2.292102,8.4000635,0,7.698957,8.426238,8.629831,8.205059,5.025973,5.633399,0,6.805527,0,0,6.416076,0,6.4207234,0,0,4.9021883,7.416229,2.2047732,4.426485,6.6157217,0,0,0,7.328764,0,5.375439,7.7585087
"144","2022-40",0,0,0,0,0,21.954178,0,0,0,0,0,0,0,0,0,0,0,0,0,0,0,0,0,0,0,NA,0,0,0,0,0,0,0,0,0,0,0,0,0,0,0,0,0,0,0,0,0,0,0,0,0,0,6.9808254,0,0,0,12.4892645,0,0,0,0,0,0,0,0,0,0,0,0,0,5.302648,0,0,0,0,0,0,0,0,0,0,0
"145","2022-41",0,0,0,0,0,0,0,0,0,0,0,0,0,0,0,0,0,0,0,0,0,0,0,0,0,NA,0,0,0,0,0,0,0,0,0,0,0,0,0,0,0,0,0,0,0,0,0,0,0,0,0,0,0,0,0,0,0,0,0,0,0,0,0,0,0,0,0,0,0,0,0,0,0,0,0,0,0,0,0,0,0,0
"146","2022-42",0,0,0,0,0,0,0,0,0,0,0,0,0,0,6.666442,0,0,0,0,0,0,0,0,0,0,NA,0,0,0,0,0,0,0,0,0,0,0,0,0,0,0,0,0,0,0,0,0,0,0,0,0,0,0,0,0,0,0,0,0,0,0,0,0,0,0,0,0,0,0,0,0,0,0,0,0,0,0,0,0,0,0,0
"147","2022-43",0,0,0,0,0,0,0,0,0,0,0,0,0,0,0,0,0,0,0,0,0,0,0,0,0,NA,0,0,0,0,0,0,0,0,0,0,0,0,0,0,0,0,0,0,0,0,0,0,0,0,0,0,0,0,0,0,0,0,0,0,0,0,0,0,0,0,0,0,0,0,0,0,0,0,0,0,0,0,0,0,0,0
"148","2022-44",0,0,0,0,0,0,0,0,0,0,0,0,0,0,0,0,0,0,0,0,0,0,0,0,0,NA,0,0,0,0,0,0,0,0,0,0,0,0,0,0,0,0,0,0,0,0,0,0,0,0,0,0,0,0,0,0,0,0,0,0,0,0,0,0,0,0,0,0,0,0,0,0,0,0,0,0,0,0,0,0,0,0
"149","2022-45",0,0,0,0,0,0,0,0,0,0,0,0,0,0,0,0,0,0,0,0,0,0,0,0,0,NA,0,0,0,0,0,0,0,0,0,0,0,0,0,0,0,0,0,0,0,0,0,0,0,0,0,0,0,0,0,0,0,0,0,0,0,0,0,0,0,0,0,0,0,0,0,0,0,0,0,0,0,0,0,0,0,0
"150","2022-46",0,0,0,0,0,0,0,0,0,0,0,0,0,0,0,0,0,0,0,0,0,0,0,0,0,NA,0,0,0,0,0,0,0,0,0,0,0,0,0,0,0,0,0,0,0,0,0,0,0,0,0,0,0,0,0,0,0,0,0,0,0,0,0,0,0,0,0,0,0,0,0,0,0,0,0,0,0,0,0,0,0,0
"151","2022-47",0,0,0,0,0,0,0,0,0,0,0,0,0,0,0,0,0,0,0,0,0,0,0,0,0,NA,0,0,0,0,0,0,0,0,0,0,0,0,0,0,0,0,0,0,0,0,0,0,0,0,0,0,0,0,0,0,0,0,0,0,0,0,0,0,0,0,0,0,0,0,0,0,0,0,0,0,0,0,0,0,0,0
"152","2022-48",0,0,0,0,0,0,0,0,0,0,0,0,0,0,0,0,0,0,0,0,0,0,0,0,0,NA,0,0,0,0,0,0,0,0,0,0,0,0,0,0,0,0,0,0,0,0,0,0,0,0,0,0,0,0,0,0,0,0,0,0,0,0,0,0,0,0,0,0,0,0,0,0,0,0,0,0,0,0,0,0,0,0
"153","2022-49",0,0,0,0,0,0,0,0,0,0,0,0,0,0,0,0,0,0,0,0,0,0,0,0,0,NA,0,0,0,0,0,0,0,0,0,0,0,0,0,0,0,0,0,0,0,0,0,0,0,0,0,0,0,0,0,0,0,0,0,0,0,0,0,0,0,0,0,0,0,0,0,0,0,0,0,0,0,0,0,0,0,0
"154","2022-50",0,0,0,0,0,0,0,0,0,0,0,0,0,0,0,0,0,0,0,0,0,0,0,0,0,NA,0,0,0,0,0,0,0,0,0,0,0,0,0,0,0,0,0,0,0,0,0,0,0,0,0,0,0,0,0,0,0,0,0,0,0,0,0,0,0,0,0,0,0,0,0,0,0,0,0,0,0,0,0,0,0,0
"155","2022-51",0,0,0,0,0,0,0,0,0,0,0,0,0,0,0,0,0,0,0,0,0,0,0,0,0,NA,0,0,0,0,0,0,0,0,0,0,0,0,0,0,0,0,0,0,0,0,0,0,0,0,0,0,0,0,0,0,0,0,0,0,0,0,0,0,0,0,0,0,0,0,0,0,0,0,0,0,0,0,0,0,0,0
"156","2022-52",0,0,0,0,0,0,0,0,0,0,0,0,0,0,0,0,0,0,0,0,0,0,0,0,0,NA,0,0,0,0,0,0,0,0,0,0,0,0,0,0,0,0,0,0,0,0,0,0,0,0,0,0,0,0,0,0,0,0,0,0,0,0,0,0,0,0,0,0,0,0,0,0,0,0,0,0,0,0,0,0,0,0
"157","2023-1",0,0,0,0,0,0,0,0,0,0,0,0,0,0,0,0,0,0,0,0,0,0,0,0,0,NA,0,0,0,0,0,0,0,0,0,0,0,0,0,0,0,0,0,0,0,0,0,0,0,0,0,0,0,0,0,0,0,0,0,0,0,0,0,0,0,0,0,0,0,0,0,0,0,0,0,0,0,0,0,0,0,0
"158","2023-2",0,0,0,0,0,0,0,0,0,0,0,0,0,0,0,0,0,0,0,0,0,0,0,0,0,NA,0,0,0,0,0,0,0,0,0,0,0,0,0,0,0,0,0,0,0,0,0,0,0,0,0,0,0,0,0,0,0,0,0,0,0,0,0,0,0,0,0,0,0,0,0,0,0,0,0,0,0,0,0,0,0,0
"159","2023-3",0,0,0,0,0,0,0,0,0,0,0,0,0,0,0,0,0,0,0,0,0,0,0,0,0,NA,0,0,0,0,0,0,0,0,0,0,0,0,0,0,0,0,0,0,0,0,0,0,0,0,0,0,0,0,0,0,0,0,0,0,0,0,0,0,0,0,0,0,0,0,0,0,0,0,0,0,0,0,0,0,0,0
"160","2023-4",0,0,0,0,0,0,0,0,0,0,0,0,0,0,0,0,0,0,0,0,0,0,0,0,0,NA,0,0,0,0,0,0,0,0,0,0,0,0,0,0,0,0,0,0,0,0,0,0,0,0,0,0,0,0,0,0,0,0,0,0,0,0,0,0,0,0,0,0,0,0,0,0,0,0,0,0,0,0,0,0,0,0
"161","2023-5",0,0,0,0,0,0,0,0,0,0,0,0,0,0,0,0,0,0,0,0,0,0,0,0,0,NA,0,0,0,0,0,0,0,0,0,0,0,0,0,0,0,0,0,0,0,0,0,0,0,0,0,0,0,0,0,0,0,0,0,0,0,0,0,0,0,0,0,0,0,0,0,0,0,0,0,0,0,0,0,0,0,0
"162","2023-6",0,0,0,0,0,0,0,0,0,0,0,0,0,0,0,0,0,0,0,0,0,0,0,0,0,NA,0,0,0,0,0,0,0,0,0,0,0,0,0,0,0,0,0,0,0,0,0,0,0,0,0,0,0,0,0,0,0,0,0,0,0,0,0,0,0,0,0,0,0,0,0,0,0,0,0,0,0,0,0,0,0,0
"163","2023-7",0,0,0,0,0,0,0,0,0,0,0,0,0,0,0,0,0,0,0,0,0,0,0,0,0,NA,0,0,0,0,0,0,0,0,0,0,0,0,0,0,0,0,0,0,0,0,0,0,0,0,0,0,0,0,0,0,0,0,0,0,0,0,0,0,0,0,0,0,0,0,0,0,0,0,0,0,0,0,0,0,0,0
"164","2023-8",0,0,0,0,0,0,0,0,0,0,0,0,0,0,0,0,0,0,0,0,0,0,0,0,0,NA,0,0,0,0,0,0,0,0,0,0,0,0,0,0,0,0,0,0,0,0,0,0,0,0,0,0,0,0,0,0,0,0,0,0,0,0,0,0,0,0,0,0,0,0,0,0,0,0,0,0,0,0,0,0,0,0
"165","2023-9",0,0,0,0,0,0,0,0,0,0,0,0,0,0,0,0,0,0,0,0,0,0,0,0,0,NA,0,0,0,0,0,0,0,0,0,0,0,0,0,0,0,0,0,0,0,0,0,0,0,0,0,0,0,0,0,0,0,0,0,0,0,0,0,0,0,0,0,0,0,0,0,0,0,0,0,0,0,0,0,0,0,0
"166","2023-10",0,0,0,0,0,0,0,0,0,0,0,0,0,0,0,0,0,0,0,0,0,0,0,0,0,NA,0,0,0,0,0,0,0,0,0,0,0,0,0,0,0,0,0,0,0,0,0,0,0,0,0,0,0,0,0,0,0,0,0,0,0,0,0,0,0,0,0,0,0,0,0,0,0,0,0,0,0,0,0,0,0,0
"167","2023-11",0,0,0,0,0,0,8.501521,0,0,6.38684,0,0,0,0,0,0,0,0,0,0,4.3778787,0,0,0,0,NA,0,0,0,0,0,0,0,0,0,0,0,0,0,0,0,0,0,0,0,0,0,4.458261,0,4.21306,0,0,0,0,0,0,0,0,0,0,0,4.3778787,6.8938107,0,0,0,10.880044,0,0,0,0,0,0,0,0,0,0,0,13.61613,0,0,0
"168","2023-12",0,0,0,0,0,0,0,0,0,0,0,0,0,0,0,0,0,0,0,0,0,0,0,0,0,NA,0,0,0,0,0,0,0,0,0,0,0,0,0,0,0,0,0,0,0,0,0,0,0,0,0,0,0,0,0,0,0,0,0,0,0,0,0,0,0,0,0,0,0,0,0,0,0,0,0,0,0,0,0,0,0,0
"169","2023-13",0,0,0,0,0,0,0,0,0,0,0,0,0,0,0,0,0,0,0,0,0,0,0,0,0,NA,0,0,0,0,0,0,0,0,0,0,0,0,0,0,0,0,0,0,0,0,0,0,0,0,0,0,0,0,0,0,0,0,0,0,0,0,0,0,0,0,0,0,0,0,0,0,0,0,0,0,0,0,0,0,0,0
"170","2023-14",0,0,0,0,0,0,0,0,0,0,0,0,0,0,0,0,0,0,0,0,0,0,0,0,0,NA,0,0,0,0,0,0,0,0,0,0,0,0,0,0,0,0,0,0,0,0,0,0,0,0,0,0,0,0,0,0,0,0,0,0,0,0,0,0,0,0,0,0,0,0,0,0,0,0,0,0,0,0,0,0,0,0
"171","2023-15",0,0,0,0,0,0,0,0,0,0,0,0,0,0,0,0,0,0,0,0,0,0,0,0,0,NA,0,0,0,0,0,0,0,0,0,0,0,0,0,0,0,0,0,0,0,0,0,0,0,0,0,0,0,0,0,0,0,0,0,0,0,0,0,0,0,0,0,0,0,0,0,0,0,0,0,0,0,0,0,0,0,0
"172","2023-16",0,0,0,0,0,0,0,0,0,0,0,0,0,0,0,0,0,0,0,0,0,0,0,0,0,NA,0,0,0,0,0,0,0,0,0,0,0,0,0,0,0,0,0,0,0,0,0,0,0,0,0,0,0,0,0,0,0,0,0,0,0,0,0,0,0,0,0,0,0,0,0,0,0,0,0,0,0,0,0,0,0,0
"173","2023-17",0,0,0,0,0,0,0,0,0,0,0,0,0,0,0,0,0,0,0,0,0,0,0,0,0,NA,0,0,0,0,0,0,0,0,0,0,0,0,0,0,0,0,0,0,0,0,0,0,0,0,0,0,0,0,0,0,0,0,0,0,0,0,0,0,0,0,0,0,0,0,0,0,0,0,0,0,0,0,0,0,0,0
"174","2023-18",0,0,0,0,0,0,0,0,0,0,0,0,0,0,0,0,0,0,0,0,0,0,0,0,0,NA,0,0,0,0,0,0,0,0,0,0,0,0,0,0,0,0,0,0,0,0,0,0,0,0,0,0,0,0,0,0,0,0,0,0,0,0,0,0,0,0,0,0,0,0,0,0,0,0,0,0,0,0,0,0,0,0
"175","2023-19",0,0,0,0,0,0,0,0,0,0,0,0,0,0,0,0,0,0,0,0,0,0,0,0,0,NA,0,0,0,0,0,0,0,0,0,0,0,0,0,0,0,0,0,0,0,0,0,0,0,0,0,0,0,0,0,0,0,0,0,0,0,0,0,0,0,0,0,0,0,0,0,0,0,0,0,0,0,0,0,0,0,0
"176","2023-20",0,0,0,0,0,0,0,0,0,0,0,0,0,0,0,0,0,0,0,0,0,0,0,0,0,NA,0,0,0,0,0,0,0,0,0,0,0,0,0,0,0,0,0,0,0,0,0,0,0,0,0,0,0,0,0,0,0,0,0,0,0,0,0,0,0,0,0,0,0,0,0,0,0,0,0,0,0,0,0,0,0,0
"177","2023-21",0,0,0,0,0,0,0,0,0,0,10.104806,0,0,0,0,0,0,0,0,0,0,0,0,0,0,NA,0,0,0,0,0,0,0,0,0,0,0,0,0,0,0,0,0,0,0,0,0,0,0,0,0,0,0,0,0,0,0,0,0,0,0,0,0,0,0,0,0,0,0,0,0,0,0,0,0,0,0,0,0,0,0,0
"178","2023-22",0,0,0,0,0,0,0,0,0,0,0,0,0,0,0,11.872353,0,0,0,0,0,0,0,0,0,NA,0,0,0,0,0,0,0,0,0,0,0,0,0,0,0,0,0,0,0,0,0,0,0,0,13.675201,0,0,0,0,0,0,0,7.6920166,5.927444,0,0,0,0,0,0,0,0,0,0,0,0,0,0,0,0,0,0,0,0,0,7.2308955
"179","2023-23",8.112592,0,4.847957,6.95696,0,0,4.846232,5.385537,6.5971613,4.684771,0,0,4.4323187,5.2073364,8.716438,0,5.9527907,5.984289,7.1283126,4.4452395,5.265216,4.1560245,4.0873766,0,7.1657605,NA,4.0676785,0,0,4.9865527,0,6.276054,5.7596526,5.8241496,0,0,0,0,0,5.9527907,5.980921,6.198963,6.805116,0,4.9596324,0,5.8197455,0,0,4.5528154,10.134391,0,0,4.4261293,4.655292,0,0,0,0,0,6.805116,5.265216,0,5.98744,5.4279523,0,4.905807,6.5971613,0,5.98744,0,6.188095,0,0,5.810714,5.98744,6.627198,0,4.766442,0,6.958466,0
"180","2023-24",0,0,0,0,0,0,0,0,0,0,0,0,0,0,0,0,0,0,0,0,0,2.89497,0,0,0,NA,0,0,0,0,0,0,0,0,0,0,0,0,0,0,3.0716724,0,4.287485,0,0,0,0,0,5.7324724,0,0,0,0,0,0,0,0,0,0,0,4.287485,0,0,0,0,2.911063,0,0,0,0,0,0,0,0,0,0,0,0,0,0,0,0
"181","2023-25",0,0,4.5643544,0,0,0,3.7873545,0,0,0,0,0,0,0,0,0,0,0,0,0,0,0,0,0,0,NA,0,0,0,0,0,0,0,0,0,0,0,0,0,0,0,0,0,0,0,0,0,0,5.7324724,3.9478765,0,0,0,0,0,0,0,0,0,0,0,0,0,0,0,0,0,0,0,0,0,0,0,0,0,0,0,0,0,0,0,0
"182","2023-26",0,6.6655426,0,0,0,7.0944986,0,0,0,0,0,0,0,0,0,0,0,5.9136205,8.282662,6.6653376,0,0,0,0,0,NA,0,0,0,0,0,6.5079618,0,0,7.8671227,0,0,0,0,0,0,0,0,0,0,0,0,0,6.409405,0,10.906137,6.1463695,0,0,0,6.7672997,0,8.954164,0,0,0,0,0,0,0,0,0,0,0,0,0,0,0,0,9.162818,0,0,0,5.5279875,0,0,0
"183","2023-27",0,0,0,0,0,0,0,0,0,0,0,0,0,1.5835084,0,0,0,0,0,0,0,0,0,0,0,NA,0,0,0,0,0,0,0,0,0,0,0,0,0,0,6.448799,0,0,0,0,0,0,0,0,0,0,0,0,0,0,0,0,0,0,0,0,0,0,0,0,0,0,0,0,0,0,0,0,0,0,0,0,0,0,0,0,0
"184","2023-28",0,0,0,0,0,0,0,0,0,0,0,0,0,0,6.339105,0,0,0,0,0,0,0,0,0,0,NA,0,0,0,0,0,0,0,0,0,0,0,0,0,0,0,0,0,0,0,0,0,0,5.277304,0,0,0,0,0,0,0,0,0,0,0,0,0,0,0,0,0,0,0,0,0,0,0,0,0,0,0,0,0,0,0,0,0
"185","2023-29",0,0,0,0,0,0,0,0,0,0,0,0,0,0,0,0,0,0,0,0,0,0,0,0,0,NA,0,0,0,0,0,0,0,0,0,0,0,0,0,0,0,0,0,0,0,0,0,0,0,0,0,0,14.0559025,0,0,0,0,0,0,0,0,0,0,0,0,0,0,0,0,0,0,0,0,0,0,0,0,0,0,0,0,0
"186","2023-30",0,0,2.3460503,0,0,2.4835937,0,0,0,3.7740147,0,0,3.5431309,0,0,0,0,0,0,0,0,2.1079187,1.929867,2.3212328,0,NA,6.08943,0,0,0,0,0,0,0,0,0,0,0,0,0,0,0,0,0,4.299924,0,0,0,5.236803,0,0,0,0,0,0,0,7.7190094,3.1408408,0,0,0,0,0,0,0,0,0,0,0,0,0,0,0,0,0,0,0,0,0,0,0,0
"187","2023-31",0,0,0,0,0,0,0,0,0,0,0,0,0,0,0,0,0,0,0,0,0,0,0,0,0,NA,0,0,0,0,0,0,0,0,0,0,0,0,0,0,0,0,0,0,0,0,0,0,0,0,0,0,0,0,0,0,0,0,0,0,0,0,0,0,0,0,0,0,0,0,0,0,0,0,0,0,0,0,0,0,0,0
"188","2023-32",0,0,0,0,0,0,0,0,0,0,0,0,0,0,0,0,0,0,0,0,0,0,0,0,0,NA,0,0,0,0,0,0,0,0,0,0,0,0,0,0,0,0,0,0,0,0,0,0,6.664746,0,0,0,0,0,0,0,0,0,0,0,0,0,0,0,0,0,0,0,0,0,0,0,0,0,0,0,0,0,0,0,0,0
"189","2023-33",0,6.8089204,0,0,0,6.946359,0,0,0,0,0,0,0,0,0,0,0,0,0,0,0,0,0,0,0,NA,0,0,0,0,0,0,0,0,0,0,0,0,0,0,0,0,0,0,0,0,0,0,4.771056,0,0,0,0,0,0,0,0,0,0,0,0,0,0,0,0,0,0,0,0,0,0,0,0,0,0,0,0,0,0,0,0,0
"190","2023-34",0,0,0,0,0,0,0,0,0,0,0,3.0753706,0,0,0,0,0,0,0,0,0,0,0,0,0,NA,0,0,0,0,0,0,0,0,0,0,0,0,0,0,0,0,0,0,0,0,0,0,0,0,0,0,0,0,0,0,0,0,0,0,0,0,0,0,0,0,0,0,4.608958,0,0,0,0,0,0,0,0,0,0,0,0,0
"191","2023-35",0,0,0,0,5.90055,0,8.147258,0,0,0,0,0,0,0,0,0,0,0,0,0,0,7.4864426,0,0,0,NA,0,0,0,0,0,0,0,0,0,0,0,0,0,0,0,0,0,0,9.86601,0,0,7.605201,0,9.334128,0,0,0,0,0,0,0,0,0,0,0,0,10.980974,0,0,0,0,0,0,0,0,0,0,0,0,0,0,0,0,0,0,0
"192","2023-36",0,0,0,0,0,0,0,0,0,0,0,0,0,0,6.132507,7.9236174,0,0,0,0,0,0,0,0,0,NA,0,0,0,0,0,0,0,0,0,0,0,0,0,0,0,0,0,0,0,0,0,0,0,0,0,0,0,0,0,0,0,0,0,0,0,0,0,0,0,0,0,0,0,0,0,0,0,0,0,0,0,0,0,0,0,0
"193","2023-37",0,0,0,0,0,0,0,0,0,0,0,0,0,0,0,0,0,0,0,0,0,0,0,0,0,NA,0,0,0,0,0,0,0,0,0,0,0,0,0,0,0,0,0,0,0,0,0,0,0,0,0,0,0,0,0,0,0,0,0,0,0,0,0,0,0,0,0,0,0,0,0,0,0,0,0,0,0,0,0,0,0,0
"194","2023-38",0,0,0,0,0,0,0,0,0,0,0,0,0,0,0,0,0,0,0,0,0,0,0,0,0,NA,0,0,0,0,0,0,0,0,0,0,0,0,0,0,0,0,0,0,0,0,0,0,0,0,0,0,0,0,0,0,0,0,0,0,0,0,0,0,0,0,0,0,0,0,0,0,0,0,0,0,0,0,5.732065,0,0,0
"195","2023-39",0,0,0,0,0,0,12.214168,0,0,7.0971527,0,0,0,0,0,0,0,0,0,0,0,0,0,0,0,NA,0,0,0,0,0,0,0,0,0,0,0,0,0,0,0,8.295738,0,0,0,0,0,0,0,0,0,0,0,0,0,0,0,0,0,0,0,0,0,0,0,0,8.674482,0,0,0,0,0,0,0,0,0,0,0,0,0,0,0
"196","2023-40",0,14.807969,0,0,0,0,0,0,0,0,0,0,0,0,9.865365,0,0,0,0,0,0,0,0,0,0,NA,0,0,0,0,13.468896,0,0,0,0,0,0,0,0,0,0,0,0,11.731241,0,0,0,0,10.722847,0,0,0,0,0,0,0,0,0,0,0,0,0,0,0,0,0,0,0,0,0,0,0,0,0,0,0,0,0,0,0,0,0
"197","2023-41",0,0,0,0,0,0,6.4133673,0,0,0,0,4.6598473,0,0,0,0,0,0,0,0,0,0,0,0,0,NA,6.8747888,0,0,0,0,0,0,0,0,2.820308,0,0,0,0,0,0,0,5.2762475,6.2442555,0,0,0,0,7.6495833,0,0,0,0,5.6831937,0,0,13.5874405,0,0,0,0,0,0,0,0,0,0,0,0,0,6.4349318,0,0,0,0,5.297347,0,0,0,0,6.5432134
"198","2023-42",0,11.678475,0,10.952886,5.8045397,14.809078,12.203238,0,0,7.9499116,0,0,5.962395,0,0,0,0,8.966472,0,8.315054,7.495586,6.914789,0,0,7.7834463,NA,13.168571,0,5.8449283,0,0,0,0,9.832095,11.387878,0,0,0,0,0,0,11.523559,0,8.528522,6.5973463,0,0,0,0,8.3951,13.937305,0,0,0,7.6424785,11.604394,9.944128,15.276515,0,0,0,7.495586,0,6.134786,0,9.865066,9.093937,0,0,6.134786,6.1322575,10.327886,0,0,0,6.134786,0,0,0,0,0,8.605859
"199","2023-43",0,0,0,0,0,0,0,0,0,0,0,0,0,0,0,0,0,0,0,0,0,0,0,0,0,NA,0,0,0,0,0,0,0,0,0,0,0,0,0,0,0,0,0,0,0,0,0,0,0,0,0,0,4.2666817,0,0,0,0,0,0,0,0,0,0,0,0,0,0,0,0,0,0,0,0,0,0,0,0,0,0,0,0,0
"200","2023-44",0,0,0,0,13.44785,0,0,0,0,0,8.988366,0,0,0,5.843359,0,0,0,0,0,0,0,0,0,0,NA,0,0,0,0,0,0,0,0,0,0,0,0,0,0,0,0,0,0,0,0,14.881377,0,0,0,0,0,0,0,0,0,0,0,0,0,0,0,0,0,0,0,0,0,0,0,0,9.623951,0,0,0,0,0,0,0,13.749607,0,0
"201","2023-45",0,0,0,0,0,0,0,0,0,0,0,0,0,0,0,0,0,0,0,0,0,0,0,0,0,NA,0,0,0,0,0,0,0,0,0,0,0,0,0,0,0,0,0,0,0,0,0,0,0,0,0,0,0,0,0,0,0,0,0,0,0,0,0,0,0,0,0,0,0,0,0,0,0,0,0,0,0,0,0,0,0,0
"202","2023-46",0,0,0,0,0,0,0,0,0,0,0,0,0,0,0,0,0,0,0,0,0,0,0,0,0,NA,0,0,0,0,0,0,0,0,0,0,0,0,0,0,0,0,0,0,0,0,0,0,0,0,0,0,0,0,0,0,0,0,0,0,0,0,0,0,0,0,0,0,0,0,0,0,0,0,0,0,0,0,0,0,0,0
"203","2023-47",0,0,0,0,0,0,0,0,0,0,0,0,0,0,0,0,0,0,0,0,0,0,0,0,0,NA,0,0,0,0,0,0,0,0,0,0,0,0,0,0,0,0,0,0,0,0,0,0,0,0,0,0,0,0,0,0,0,0,0,0,0,0,0,0,0,0,0,0,0,0,0,0,0,0,0,0,0,0,0,0,0,0
"204","2023-48",0,0,0,0,0,0,0,0,0,0,0,0,0,0,0,0,0,0,0,0,0,0,0,0,0,NA,0,0,0,0,0,0,0,0,0,0,0,0,0,0,0,0,0,0,0,0,0,0,0,0,0,0,0,0,0,0,0,0,0,0,0,0,0,0,0,0,0,0,0,0,0,0,0,0,0,0,0,0,0,0,0,0
"205","2023-49",0,0,0,0,0,0,0,0,0,0,0,0,0,0,0,0,0,0,0,0,0,0,0,0,0,NA,0,0,0,0,0,0,0,0,0,0,0,0,0,0,0,0,0,0,0,0,0,0,0,0,0,0,0,0,0,0,0,0,0,0,0,0,0,0,0,0,0,0,0,0,0,0,0,0,0,0,0,0,0,0,0,0
"206","2023-50",0,0,0,0,0,0,0,0,0,0,0,0,0,0,0,0,0,0,0,0,0,0,0,0,0,NA,0,0,0,0,0,0,0,0,0,0,0,0,0,0,0,0,0,0,0,0,0,0,0,0,0,0,0,0,0,0,0,0,0,0,0,0,0,0,0,0,0,0,0,0,0,0,0,0,0,0,0,0,0,0,0,0
"207","2023-51",0,0,0,0,0,0,0,0,0,0,0,0,0,0,0,0,0,0,0,0,0,0,0,0,0,NA,0,0,0,0,0,0,0,0,0,0,0,0,0,0,0,0,0,0,0,0,0,0,0,0,0,0,0,0,0,0,0,0,0,0,0,0,0,0,0,0,0,0,0,0,0,0,0,0,0,0,0,0,0,0,0,0
"208","2023-52",0,0,0,0,0,0,0,0,0,0,0,0,0,0,0,0,0,0,0,0,0,0,0,0,0,NA,0,0,0,0,0,0,0,0,0,0,0,0,0,0,0,0,0,0,0,0,0,0,0,0,0,0,0,0,0,0,0,0,0,0,0,0,0,0,0,0,0,0,0,0,0,0,0,0,0,0,0,0,0,0,0,0
"209","2024-1",0,0,0,0,0,0,0,0,0,0,0,0,0,0,0,0,0,0,0,0,0,0,0,0,0,NA,0,0,0,0,0,0,0,0,0,0,0,0,0,0,0,0,0,0,0,0,0,0,0,0,0,0,0,0,0,0,0,0,0,0,0,0,0,0,0,0,0,0,0,0,0,0,0,0,0,0,0,0,0,0,0,0
"210","2024-2",0,0,0,0,0,0,0,0,0,0,0,0,0,0,0,0,0,0,0,0,0,0,0,0,0,NA,0,0,0,0,0,0,0,0,0,0,0,0,0,0,0,0,0,0,0,0,0,0,0,0,0,0,0,0,0,0,0,0,0,0,0,0,0,0,0,0,0,0,0,0,0,0,0,0,0,0,0,0,0,0,0,0
"211","2024-3",0,0,0,0,0,0,0,0,0,0,0,0,0,0,0,0,0,0,0,0,0,0,0,0,0,NA,0,0,0,0,0,0,0,0,0,0,0,0,0,0,0,0,0,0,0,0,0,0,0,0,0,0,0,0,0,0,0,0,0,0,0,0,0,0,0,0,0,0,0,0,0,0,0,0,0,0,0,0,0,0,0,0
"212","2024-4",0,0,0,0,0,0,0,0,0,0,0,0,0,0,0,0,0,0,0,0,0,0,0,0,0,NA,0,0,0,0,0,0,0,0,0,0,0,0,0,0,0,0,0,0,0,0,0,0,0,0,0,0,0,0,0,0,0,0,0,0,0,0,0,0,0,0,0,0,0,0,0,0,0,0,0,0,0,0,0,0,0,0
"213","2024-5",0,0,0,0,0,0,0,0,0,0,0,0,0,0,0,0,0,0,0,0,0,0,0,0,0,NA,0,0,0,0,0,0,0,0,0,0,0,0,0,0,0,0,0,0,0,0,0,0,0,0,0,0,0,0,0,0,0,0,0,0,0,0,0,0,0,0,0,0,0,0,0,0,0,0,0,0,0,0,0,0,0,0
"214","2024-6",0,0,0,0,0,0,0,0,0,0,0,0,0,0,0,0,0,0,0,0,0,0,0,0,0,NA,0,0,0,0,0,0,0,0,0,0,0,0,0,0,0,0,0,0,0,0,0,0,0,0,0,0,0,0,0,0,0,0,0,0,0,0,0,0,0,0,0,0,0,0,0,0,0,0,0,0,0,0,0,0,0,0
"215","2024-7",0,0,0,0,0,0,0,0,0,0,0,0,0,0,0,0,0,0,0,0,0,0,0,0,0,NA,0,0,0,0,0,0,0,0,0,0,0,0,0,0,0,0,0,0,0,0,0,0,0,0,0,0,0,0,0,0,0,0,0,0,0,0,0,0,0,0,0,0,0,0,0,0,0,0,0,0,0,0,0,0,0,0
"216","2024-8",0,0,0,0,0,0,0,0,0,0,0,0,0,0,0,0,0,0,0,0,0,0,0,0,0,NA,0,0,0,0,0,0,0,0,0,0,0,0,0,0,0,0,0,0,0,0,0,0,0,0,0,0,0,0,0,0,0,0,0,0,0,0,0,0,0,0,0,0,0,0,0,0,0,0,0,0,0,0,0,0,0,0
"217","2024-9",0,0,0,0,0,0,0,0,0,0,0,0,0,0,0,0,0,0,0,0,0,0,0,0,0,NA,0,0,0,0,0,0,0,0,0,0,0,0,0,0,0,0,0,0,0,0,0,0,0,0,0,0,0,0,0,0,0,0,0,0,0,0,0,0,0,0,0,0,0,0,0,0,0,0,0,0,0,0,0,0,0,0
"218","2024-10",0,0,0,0,0,0,0,0,0,0,0,0,0,0,0,0,0,0,0,0,0,0,0,0,0,NA,0,0,0,0,0,0,0,0,0,0,0,0,0,0,0,0,0,0,0,0,0,0,0,0,0,0,0,0,0,0,0,0,0,0,0,0,0,0,0,0,0,0,0,0,0,0,0,0,0,0,0,0,0,0,0,0
"219","2024-11",0,0,0,0,0,0,0,0,0,0,0,0,0,0,0,0,0,0,0,0,0,0,0,0,0,NA,0,0,0,0,0,0,0,0,0,0,0,0,0,0,0,0,0,0,0,0,0,0,0,0,0,0,0,0,0,0,0,0,0,0,0,0,0,0,0,0,0,0,0,0,0,0,0,0,0,0,0,0,0,0,0,0
"220","2024-12",0,0,0,0,0,0,0,0,0,0,0,0,0,0,0,0,0,0,0,0,0,0,0,0,0,NA,0,0,0,0,0,0,0,0,0,0,0,0,0,0,0,0,0,0,0,0,0,0,0,0,0,0,0,0,0,0,0,0,0,0,0,0,0,0,0,0,0,0,0,0,0,0,0,0,0,0,0,0,0,0,0,0
"221","2024-13",0,0,0,0,0,0,0,0,0,0,0,0,0,0,0,0,0,0,0,0,0,0,0,0,0,NA,0,0,0,0,0,0,0,0,0,0,0,0,0,0,0,0,0,0,0,0,0,0,0,0,0,0,0,0,0,0,0,0,0,0,0,0,0,0,0,0,0,0,0,0,0,0,0,0,0,0,0,0,0,0,0,0
"222","2024-14",0,0,0,0,0,0,0,0,0,0,0,0,0,0,0,0,0,0,0,0,0,0,0,0,0,NA,0,0,0,0,0,0,0,0,0,0,0,0,0,0,0,0,0,0,0,0,0,0,0,0,0,0,0,0,0,0,0,0,0,0,0,0,0,0,0,0,0,0,0,0,0,0,0,0,0,0,0,0,0,0,0,0
"223","2024-15",0,0.24207547,0,0.15935145,0.062186763,0.21446271,0,0,0,0,0.15734752,0,0.09088534,0,0.20606004,0.10530573,0.08095622,0.16848397,0.0706768,0.1045414,0.119435266,0,0,0,0,NA,0,0,0,0,0,0,0,0.06500903,0,0,0,0,0,0.08095622,0,0,0.05166087,0,0,0,0,0,0.302171,0,0.3939111,0.16179742,0,0,0,0,0,0,0,0,0.05166087,0.119435266,0,0.089619085,0,0,0.16287781,0,0,0.089619085,0,0,0,0,0.11060027,0.089619085,0,0,0,0,0.056702573,0
"224","2024-16",0,0,0,0,0,0,0,0,0,0,0,0,0,0,0,0,0,0,0,0,0,0,0,0,0,NA,0,0,0,0,0,0,0,0,0,0,0,0,0,0,0,0,0,0,0,0,0,0,0,0,0,0,0,0,0,0,0,0,0,0,0,0,0,0,0,0,0,0,0,0,0,0,0,0,0,0,0,0,0,0,0,0
"225","2024-17",0,0,0,0,0,0,0,0,0,0,0,0,0,0,0,0,0,0,0,0,0,0,0,0,0,NA,0,0,0,0,0,0,0,0,0,0,0,0,0,0,0,0,0,0,0,0,0,0,0,0,0,0,0,0,0,0,0,0,0,0,0,0,0,0,0,0,0,0,0,0,0,0,0,0,0,0,0,0,0,0,0,0
"226","2024-18",0,0,0,0,0,0,0,0,0,0,0,0,0,0,0,0,0,0,0,0,0,0,0,0,0,NA,0,0,0,0,0,0,0,0,0,0,0,0,0,0,0,0,0,0,0,0,0,0,0,0,0,0,0,0,0,0,0,0,0,0,0,0,0,0,0,0,0,0,0,0,0,0,0,0,0,0,0,0,0,0,0,0
"227","2024-19",0,0,0,0,0,0,0,0,0,0,0,0,0,0,5.4310584,0,0,0,0,0,0,0,0,0,0,NA,0,0,0,0,0,0,0,0,0,0,0,0,0,0,0,0,0,0,0,0,0,0,0,0,0,0,0,0,0,0,0,0,0,0,0,0,0,0,0,0,0,0,0,0,0,0,0,0,0,0,0,0,0,0,0,0
"228","2024-20",0,1.4617779,0,1.6023079,0,1.2296324,1.6581507,0,0,0,6.39819,0,0.7515753,1.3332764,3.5230606,4.6356664,0,0.89984334,1.7843806,1.0365633,0,0,0,0,0,NA,1.3407873,0,0,0,0,0,0,0,1.1158677,0,2.9732969,0,0,0,1.7779756,1.7435253,0,0,0,0,0,1.4255605,6.455595,1.4433208,3.3193176,0,1.7036189,0,0,0,4.1393476,0,0,0,0,0,0,0,0,1.3721005,0,0,0,0,0,0,0,3.198456,0,0,1.7895299,0,1.7524931,0,0,0
"229","2024-21",0,0,0,0,0,0,0,0,0,0,0,0,0,0,0,0,0,0,0,0,0,0,0,0,0,NA,0,0,0,0,0,0,0,0,0,0,0,0,0,0,0,0,0,0,0,0,0,0,0,0,0,0,0,0,0,0,0,0,0,0,0,0,0,0,0,0,0,0,0,0,0,0,0,0,0,0,0,0,0,0,0,0
"230","2024-22",0,0,0,0,0,0,0,0,0,0,0,0,0,0,0,0,0,0,0,0,0,0,0,0,0,NA,0,0,0,0,0,0,0,0,0,0,0,0,0,0,0,0,0,0,0,0,0,0,0,0,0,0,0,0,0,0,0,0,0,0,0,0,0,0,0,0,0,0,0,0,0,0,0,0,0,0,0,0,0,0,0,0
"231","2024-23",0,0,0,0,0,0,0,12.670321,0,0,0,0,0,12.023531,9.370998,20.519934,0,0,0,0,0,6.8427672,0,0,0,NA,4.6971436,9.2768135,0,0,0,0,0,0,0,12.123927,0,7.5408483,0,0,7.6596804,7.126813,0,10.324743,6.0658946,6.492848,0,0,0,10.07238,0,0,0,0,4.095584,0,0,0,10.675518,12.600598,0,0,0,0,0,10.252112,0,0,5.385498,0,0,0,0,0,0,0,6.4505596,0,0,4.256283,0,8.507968
"232","2024-24",5.3130546,0,8.528085,0,0,0,7.8239465,5.2055335,0,0,0,4.44285,6.3446403,4.6491804,8.258958,0,0,7.184009,8.168779,8.925747,0,6.4155784,0,5.1337247,0,NA,8.363372,0,0,0,3.9803903,0,4.9066935,0,8.336341,4.4023976,0,6.200121,0,0,8.339961,8.212581,0,4.0023932,7.3679023,0,0,6.117931,10.997676,7.498602,16.93471,7.4373126,0,9.84213,5.2310133,7.4084554,0,0,0,0,0,0,8.018259,0,0,6.6115217,0,0,0,0,0,8.078885,0,0,0,0,4.9947023,9.066737,5.1415052,4.613612,8.687156,8.757815
"233","2024-25",7.7451253,0,0,0,4.613305,6.4724193,0,7.792577,0,0,0,0,0,6.795732,4.947144,11.032136,6.122987,0,0,0,0,0,0,0,7.116517,NA,0,10.215622,0,6.1386085,10.100311,0,0,7.63639,0,4.6667695,0,0,0,6.122987,0,6.320953,6.1584244,5.835326,0,11.636384,0,0,0,0,0,0,0,0,4.6552253,0,0,0,0,0,6.1584244,0,0,0,0,0,0,0,0,0,0,0,0,5.592126,0,0,8.5893,8.160384,0,0,0,7.7451925
"234","2024-26",0,0,0,0,0,0,0,0,0,0,0,7.594841,0,0,0,0,0,0,0,0,0,0,0,0,0,NA,0,0,0,8.156656,0,0,0,0,0,0,0,0,0,0,12.420366,0,0,0,0,11.636384,0,0,0,0,0,0,0,0,0,0,0,0,0,0,0,0,0,0,0,14.434434,0,0,12.408023,0,0,0,0,0,0,0,0,0,0,0,0,0
"235","2024-27",0,0,0,0,0,7.82768,0,0,0,0,0,0,0,0,0,0,0,5.672872,0,0,0,0,0,0,0,NA,0,0,0,0,0,0,0,0,7.467241,0,0,0,0,0,0,0,0,0,0,0,0,0,0,0,0,0,0,0,0,0,0,0,0,0,0,0,0,0,0,0,0,0,0,0,0,0,0,0,0,0,0,0,0,0,0,0
"236","2024-28",0,0,0,0,4.005403,0,0,0,0,0,0,0,0,0,0,0,0,0,0,0,0,0,0,0,0,NA,0,0,11.105784,0,0,0,0,0,0,0,0,0,5.7876954,0,0,0,0,0,0,0,6.026257,0,0,0,0,0,0,6.3115106,0,0,0,0,0,0,0,0,0,0,0,0,0,0,0,0,0,0,14.090781,0,0,0,0,4.8330464,0,0,5.8862314,0
"237","2024-29",0,0,0,0,0,0,0,0,0,0,0,0,0,0,0,0,0,0,0,0,0,3.445622,0,0,0,NA,0,21.140963,6.676296,0,0,5.427362,0,0,0,0,10.470876,8.727758,5.8661966,0,0,0,0,0,0,0,0,0,0,0,0,2.2137706,0,0,0,0,0,0,4.38178,2.5998542,0,0,0,0,0,0,0,0,0,0,3.644627,0,0,0,0,0,0,0,0,0,0,0
"238","2024-30",0,0,0,3.7094107,0,4.108263,3.8446434,0,0,2.982498,0,0,0,0,0,0,0,3.181584,0,0,0,0,2.6069784,0,0,NA,5.7445583,0,0,0,0,0,0,0,3.9585576,0,0,0,0,0,0,5.1483073,0,0,3.368471,0,0,0,0,4.1556935,0,0,6.392732,0,0,0,0,0,0,0,0,0,5.108505,0,0,0,3.4698918,0,0,0,0,4.631297,0,0,0,0,0,0,0,0,0,5.9513736
"239","2024-31",0,9.680164,0,7.9469404,0,0,0,0,0,0,0,0,0,0,5.9300575,0,0,4.436669,0,4.5925283,6.4899626,0,0,5.487439,0,NA,0,15.034005,0,0,0,0,0,0,0,0,0,0,0,0,0,0,0,0,0,0,0,0,0,0,0,0,7.0392394,0,0,0,0,0,6.9746585,0,0,6.4899626,0,0,0,0,6.037409,0,0,0,6.2938366,0,9.902813,0,0,0,0,0,5.524889,0,0,0
"240","2024-32",0,0,0,0,0,0,0,0,0,0,0,0,0,0,0,0,0,0,0,0,0,5.579538,0,0,0,NA,0,0,0,0,0,0,0,0,0,0,0,0,0,0,0,0,0,0,0,0,0,0,0,0,0,0,0,0,0,0,0,0,0,0,0,0,0,0,0,0,0,0,0,0,0,0,0,0,0,0,0,0,0,0,0,0
"241","2024-33",0,0,0,0,0,0,0,0,0,0,0,0,0,0,0,0,0,0,0,0,0,0,0,0,0,NA,0,0,0,0,0,0,0,0,0,0,0,0,0,0,0,0,0,0,0,0,0,0,0,0,0,0,0,0,0,0,0,0,0,0,0,0,0,0,0,0,0,0,6.8746943,0,0,0,0,0,0,0,0,0,0,0,0,0
"242","2024-34",1.5891354,1.4011837,0.6040206,0.59438,0.40902913,1.3413858,0.9857208,0,0.47947496,0.52079654,0,1.117093,0.5029999,0.7678857,3.129204,0,0.47587055,0.5605965,0,0.9961604,0.43823758,1.0832051,0.44353226,1.2568043,0.47946963,NA,0.72470975,0,0.38871056,0.4769528,0,1.2636608,0,0.50479335,1.6073706,0,0,0.77179074,0,0.47587055,1.7555496,0.889802,0.42312533,0,0.911502,0,0.39876518,1.079341,5.478778,1.0464141,2.2608626,1.4644287,0.8868211,0.65835947,1.2979757,1.4543463,0,0,0,0,0.42312533,0.43823758,1.9353738,0.3821675,0.4127859,1.8082563,0.57291406,0.47947496,0,0.3821675,0.73297626,0.82300997,0.6470358,0,0,0.3821675,1.0591561,1.4605595,1.0277269,0,0.51032966,1.2840807
"243","2024-35",0.48094922,2.0848255,0.81133103,1.0389066,0.6377375,2.0082371,1.1632096,0.38672307,0.6805631,0.829007,0,0.3974435,0.59909344,0.29976645,3.956108,3.2844996,0.8319684,0.89812696,2.1794033,1.1441666,0.7569997,0.89925796,0.6243343,1.9277195,0.8369047,NA,0.85551584,1.680832,1.522664,0.62632924,1.2873687,1.0016487,0.871439,0.9382329,2.1031122,0.36425012,2.1871674,3.0907133,2.327506,0.8319684,0.6175862,1.3856211,0.75164855,1.5272582,0.60794926,0.5824916,0.96885604,1.3574059,6.1162057,0.8738702,1.6328455,2.8932064,2.2623875,0.7100517,1.3951179,2.3111997,3.4973338,3.5364795,1.5338588,1.8833586,0.75164855,0.7569997,1.3382208,0.645206,0.6940749,0.54156756,0.8724136,0.6805631,0.48345998,0.645206,2.9860537,0.5349376,2.1814024,2.0853348,2.4897764,0.645206,0.5593442,1.1839497,1.8370694,1.2176138,1.0124028,0.59240746
"244","2024-36",0,0,0,0,0,0,0,6.7205048,0,0,0,0,0,0,0,0,0,0,0,0,0,0,0,0,0,NA,0,8.794171,0,0,0,0,0,0,0,0,0,0,0,0,0,0,0,0,0,0,0,0,6.39687,0,0,0,0,0,0,0,6.3898764,0,0,0,0,0,0,0,0,0,0,0,10.498977,0,0,0,0,0,0,0,6.288973,0,0,0,0,0
"245","2024-37",0,3.2841232,3.0362859,2.6897662,1.7318288,3.5799408,3.1994061,0,2.3859086,2.1714158,0,0,2.1160357,0,0,0,2.3025584,2.703844,4.0056443,2.8992038,2.013771,2.7022123,2.30224,0,2.3798673,NA,3.3479915,0,2.656946,2.5794585,0,2.442385,0.9147192,2.605415,3.709189,1.2554624,5.543854,2.3054698,1.0421102,2.3025584,4.3319387,2.8812294,2.3364964,0,2.6132698,1.8554972,2.0150442,2.8585913,0,3.574892,3.6999273,3.6184313,2.2200239,2.8629336,0,0,3.6756237,3.6801753,2.6670175,0,2.3364964,2.013771,3.2527022,2.0460432,2.3191519,3.0789473,2.5417361,2.3859086,1.8001013,2.0460432,2.2563655,2.2911513,1.760753,2.6251426,4.205441,2.0460432,0,2.2495563,0,0,2.6063514,2.9476635
"246","2024-38",0,0,0,0,0,0,0,0,0,0,4.984689,3.6939623,0,0,4.348694,0,0,0,0,0,0,0,0,0,0,NA,0,0,0,0,4.3360186,0,0,0,0,3.0190213,0,0,0,0,0,0,0,0,0,0,0,0,0,0,0,0,0,0,7.353618,0,0,0,0,0,0,0,0,0,0,0,0,0,0,0,0,0,0,0,0,0,0,0,0,0,0,0
"247","2024-39",0,0,0,0,0,0,0,0,0,0,10.3094225,0,0,0,0,0,0,0,0,0,0,0,0,0,0,NA,0,0,0,0,0,0,0,0,0,0,3.992956,0,0,0,0,0,0,0,0,0,0,0,0,0,0,0,0,0,0,0,10.9994755,10.026937,0,0,0,0,0,0,0,0,0,0,0,0,0,0,0,6.341403,0,0,0,7.1757355,0,0,0,0
"248","2024-40",0,0,0,0,1.6169664,5.3111105,3.5169895,4.5687833,0,2.6597812,7.0368085,0,0,3.967819,6.947074,11.41349,0,0,0,0,2.4292142,3.600694,2.2897985,5.3468413,0,NA,0,0,0,1.8876019,0,2.7785625,0,0,5.104284,0,0,0,0,0,3.502361,3.4962602,0,0,3.429652,8.066481,0,3.530863,9.100286,3.9695182,5.4658356,5.994453,0,3.6355734,3.9259176,0,6.820198,7.74457,2.4626203,0,0,2.4292142,3.9461617,0,0,0,0,0,8.824571,0,0,0,0,0,6.603319,0,4.8689165,3.119721,4.263725,4.9535303,0,3.6713786
"249","2024-41",0,0,13.627908,0,0,0,0,4.5687833,7.928049,6.943063,0,0,4.759909,0,0,0,5.2815886,0,0,6.541806,0,0,8.003669,0,6.6479344,NA,14.562502,0,10.197407,15.03021,0,5.0669675,0,0,0,0,0,0,0,5.2815886,0,0,5.6017427,0,0,0,7.214381,0,0,0,0,0,0,9.950427,0,0,0,0,9.987116,0,5.6017427,0,0,5.714014,7.106725,0,0,7.928049,0,5.714014,0,0,0,0,0,5.714014,0,0,0,0,7.9297934,8.933088
"250","2024-42",0,0,0,0,0,0,0,0,0,0,0,0,0,0,0,8.964939,0,0,0,0,0,0,0,0,0,NA,0,0,0,0,0,0,0,0,0,0,0,0,0,0,0,0,0,5.4978895,0,0,0,0,0,0,0,0,7.309624,0,0,0,0,0,0,0,0,0,0,0,0,0,0,0,0,0,7.2961364,0,0,0,0,0,0,0,0,0,0,0
"251","2024-43",0,0,0,0,0,0,0,0,0,0,0,0,0,0,0,0,0,0,0,0,0,0,0,0,0,NA,0,0,0,0,0,0,0,0,0,0,0,0,0,0,0,0,0,0,0,0,0,0,0,0,0,0,0,0,0,0,0,0,0,0,0,0,0,0,0,0,0,0,0,0,0,0,0,0,0,0,0,0,0,0,0,0
"252","2024-44",0,0,0,0,0,0,0,0,0,0,0,0,0,0,6.2347555,12.027228,0,0,0,0,0,10.980229,0,9.8650465,0,NA,0,0,0,0,11.756284,0,0,0,0,0,0,0,0,0,0,0,0,8.709272,0,0,0,9.084574,0,0,0,9.894869,0,0,0,12.257252,0,0,0,0,0,0,0,0,0,0,0,0,0,0,0,0,0,0,0,0,0,0,10.178612,0,0,0
"253","2024-45",0,0,18.39293,16.319742,0,0,0,0,20.154114,0,0,0,0,0,22.490286,0,16.55807,16.35217,0,12.282174,12.716992,0,12.697661,0,0,NA,0,0,20.137941,19.531012,0,0,0,20.24739,0,0,12.720807,0,0,16.55807,0,0,0,0,0,0,0,0,0,0,51.498928,0,0,0,15.90357,0,0,0,0,0,0,12.716992,0,0,0,0,0,20.154114,0,0,0,0,0,0,0,0,0,17.910507,0,0,0,0
"254","2024-46",0,0,0,0,0,0,0,0,0,0,0,0,0,0,0,0,0,0,0,0,0,0,0,0,0,NA,0,0,0,0,0,0,0,0,0,0,0,0,0,0,0,0,0,0,0,0,0,0,0,0,0,0,0,0,0,0,0,0,0,0,0,0,0,0,0,0,0,0,0,0,0,0,0,0,0,0,0,0,0,0,0,0
"255","2024-47",0,0,0,0,0,0,0,0,0,0,0,0,0,0,0,0,0,0,0,0,0,0,0,0,0,NA,0,0,0,0,0,0,0,0,0,0,0,0,0,0,0,0,0,0,0,0,0,0,0,0,0,0,0,0,0,0,0,0,0,0,0,0,0,0,0,0,0,0,0,0,0,0,0,0,0,0,0,0,0,0,0,0
"256","2024-48",0,0,0,0,0,0,0,0,0,0,0,0,0,0,0,0,0,0,0,0,0,0,0,0,0,NA,0,0,0,0,0,0,0,0,0,0,0,0,0,0,0,0,0,0,0,0,0,0,0,0,0,0,0,0,0,0,0,0,0,0,0,0,0,0,0,0,0,0,0,0,0,0,0,0,0,0,0,0,0,0,0,0
"257","2024-49",0,0,0,0,0,0,0,0,0,0,0,0,0,0,0,0,0,0,0,0,0,0,0,0,0,NA,0,0,0,0,0,0,0,0,0,0,0,0,0,0,0,0,0,0,0,0,0,0,0,0,0,0,0,0,0,0,0,0,0,0,0,0,0,0,0,0,0,0,0,0,0,0,0,0,0,0,0,0,0,0,0,0
"258","2024-50",0,0,0,0,0,0,0,0,0,0,0,0,0,0,0,0,0,0,0,0,0,0,0,0,0,NA,0,0,0,0,0,0,0,0,0,0,0,0,0,0,0,0,0,0,0,0,0,0,0,0,0,0,0,0,0,0,0,0,0,0,0,0,0,0,0,0,0,0,0,0,0,0,0,0,0,0,0,0,0,0,0,0
"259","2024-51",0,0,0,0,0,0,0,0,0,0,0,0,0,0,0,0,0,0,0,0,0,0,0,0,0,NA,0,0,0,0,0,0,0,0,0,0,0,0,0,0,0,0,0,0,0,0,0,0,0,0,0,0,0,0,0,0,0,0,0,0,0,0,0,0,0,0,0,0,0,0,0,0,0,0,0,0,0,0,0,0,0,0
"260","2024-52",0,0,0,0,0,0,0,0,0,0,0,0,0,0,0,0,0,0,0,0,0,0,0,0,0,NA,0,0,0,0,0,0,0,0,0,0,0,0,0,0,0,0,0,0,0,0,0,0,0,0,0,0,0,0,0,0,0,0,0,0,0,0,0,0,0,0,0,0,0,0,0,0,0,0,0,0,0,0,0,0,0,0
"261","2025-1",0,0,0,0,0,0,0,0,0,0,0,0,0,0,0,1.7781714,0,0,0,0,0,0,0,0,0,NA,0,0,0,0,0,0,0,0,6.130828,0,0,0,0,0,0,0,0,0,0,0,0,0,0,0,0,0,0,0,0,0,0,0,0,0,0,0,0,0,0,0,0,0,0,0,0,0,0,0,8.7796755,0,0,0,0,0,0,0
"262","2025-2",0,0,0,0,0,0,0,0,0,0,0,0,0,0,0,0,0,0,0,0,0,0,0,0,0,NA,0,0,0,0,0,0,0,0,0,0,0,0,0,0,0,0,0,0,0,0,0,0,0,0,0,0,0,0,0,0,0,0,0,0,0,0,0,0,0,0,0,0,0,0,0,0,0,0,0,0,0,0,0,0,0,0
"263","2025-3",0,0,0,0,0,0,0,0,0,0,0,0,0,0,0,0,0,0,0,0,0,0,0,0,0,NA,0,0,0,0,0,0,0,0,0,0,0,0,0,0,0,0,0,0,0,0,0,0,0,0,0,0,0,0,0,0,0,0,0,0,0,0,0,0,0,0,0,0,0,0,0,0,0,0,0,0,0,0,0,0,0,0
"264","2025-4",0,0,0,0,0,0,0,0,0,0,0,0,0,0,0,0,0,0,0,0,0,0,0,0,0,NA,0,0,0,0,0,0,0,0,0,0,0,0,0,0,0,0,0,0,0,0,0,0,0,0,0,0,0,0,0,0,0,0,0,0,0,0,0,0,0,0,0,0,0,0,0,0,0,0,0,0,0,0,0,0,0,0
"265","2025-5",0,0,0,0,0,0,0,0,0,0,0,0,0,0,0,0,0,0,0,0,0,0,0,0,0,NA,0,0,0,0,0,0,0,0,0,0,0,0,0,0,0,0,0,0,0,0,0,0,0,0,0,0,0,0,0,0,0,0,0,0,0,0,0,0,0,0,0,0,0,0,0,0,0,0,0,0,0,0,0,0,0,0
"266","2025-6",0,0,0,0,0,0,0,0,0,0,0,0,0,0,0,0,0,0,0,0,0,0,0,0,0,NA,0,0,0,0,0,0,0,0,0,0,0,0,0,0,0,0,0,0,0,0,0,0,0,0,0,0,0,0,0,0,0,0,0,0,0,0,0,0,0,0,0,0,0,0,0,0,0,0,0,0,0,0,0,0,0,0
"267","2025-7",0,0,0,0,0,0,0,0,0,0,0,0,0,0,0,0,0,0,0,0,0,0,0,0,0,NA,0,0,0,0,0,0,0,0,0,0,0,0,0,0,0,0,0,0,0,0,0,0,0,0,0,0,0,0,0,0,0,0,0,0,0,0,0,0,0,0,0,0,0,0,0,0,0,0,0,0,0,0,0,0,0,0
"268","2025-8",0,0,0,0,0,0,0,0,0,0,0,0,0,0,0,0,0,0,0,0,0,0,0,0,0,NA,0,0,0,0,0,0,0,0,0,0,0,0,0,0,0,0,0,0,0,0,0,0,0,0,0,0,0,0,0,0,0,0,0,0,0,0,0,0,0,0,0,0,0,0,0,0,0,0,0,0,0,0,0,0,0,0
"269","2025-9",0,0,0,0,0,0,0,0,0,0,0,0,0,0,0,0,0,0,0,0,0,0,0,0,0,NA,0,0,0,0,0,0,0,0,0,0,0,0,0,0,0,0,0,0,0,0,0,0,0,0,0,0,0,0,0,0,0,0,0,0,0,0,0,0,0,0,0,0,0,0,0,0,0,0,0,0,0,0,0,0,0,0
"270","2025-10",0,0,0,0,0,0,0,0,0,0,0,0,0,0,0,0,0,0,0,0,0,0,0,0,0,NA,0,0,0,0,0,0,0,0,0,0,0,0,0,0,0,0,0,0,0,0,0,0,0,0,0,0,0,0,0,0,0,0,0,0,0,0,0,0,0,0,0,0,0,0,0,0,0,0,0,0,0,0,0,0,0,0
"271","2025-11",0,0,0,0,0,0,0,0,0,0,0,0,0,0,0,0,0,0,0,0,0,0,0,0,0,NA,0,0,0,0,0,0,0,0,0,0,0,0,0,0,0,0,0,0,0,0,0,0,0,0,0,0,0,0,0,0,0,0,0,0,0,0,0,0,0,0,0,0,0,0,0,0,0,0,0,0,0,0,0,0,0,0
"272","2025-12",0,0,0,0,0,0,0,0,0,0,0,0,0,0,0,0,0,0,0,0,0,0,0,0,0,NA,0,0,0,0,0,0,0,0,0,0,0,0,0,0,0,0,0,0,0,0,0,0,0,0,0,0,0,0,0,0,0,0,0,0,0,0,0,0,0,0,0,0,0,0,0,0,0,0,0,0,0,0,0,0,0,0
"273","2025-13",0,0,0,0,0,0,0,0,0,0,0,0,0,0,0,0,0,0,0,0,0,0,0,0,0,NA,0,0,0,0,0,0,0,0,0,0,0,0,0,0,0,0,0,0,0,0,0,0,0,0,0,0,0,0,0,0,0,0,0,0,0,0,0,0,0,0,0,0,0,0,0,0,0,0,0,0,0,0,0,0,0,0
"274","2025-14",0,0,0,0,0,0,0,0,0,0,0,0,0,0,0,0,0,0,0,0,0,0,0,0,0,NA,0,0,0,0,0,0,0,0,0,0,0,0,0,0,0,0,0,0,0,0,0,0,0,0,0,0,0,0,0,0,0,0,0,0,0,0,0,0,0,0,0,0,0,0,0,0,0,0,0,0,0,0,0,0,0,0
"275","2025-15",0,0,0,0,0,0,0,0,0,0,0,0,0,0,8.641273,0,0,0,0,0,0,0,0,0,0,NA,0,0,0,0,0,0,0,0,0,0,0,0,0,0,0,0,0,0,0,0,0,0,0,0,0,0,0,0,0,0,0,0,0,0,0,0,0,0,0,0,0,0,0,0,0,0,0,0,0,0,0,0,0,0,0,0
"276","2025-16",0,0,0,0,0,0,0,0,0,0,0,0,0,0,0,0,0,0,0,0,0,0,0,0,0,NA,0,0,0,0,0,0,0,0,0,0,0,0,0,0,0,0,0,0,0,0,0,0,0,0,0,0,0,0,0,0,0,0,0,0,0,0,0,0,0,0,0,0,0,0,0,0,0,0,0,0,0,0,0,0,0,0
"277","2025-17",0,0,0,0,0,0,0,0,0,0,0,0,0,0,0,0,0,0,0,0,0,0,0,0,0,NA,0,0,0,0,0,0,0,0,0,0,0,0,0,0,0,0,0,0,0,0,0,0,0,0,0,0,0,0,0,0,0,0,0,0,0,0,0,0,0,0,0,0,0,0,0,0,0,0,0,0,0,0,0,0,0,0
"278","2025-18",0,7.7171736,0,8.29903,0,6.793076,9.516732,0,0,7.2562647,7.902643,0,0,0,4.9724817,10.218692,0,0,0,0,0,0,0,5.6131454,0,NA,0,0,0,0,0,0,0,0,7.460778,0,0,0,0,0,0,7.6128807,0,0,0,0,0,6.0855584,3.7863655,6.9904633,9.338354,0,0,0,0,6.824879,0,6.1248384,0,0,0,0,0,0,0,0,8.6130495,0,0,0,0,7.7267127,0,0,7.363865,0,0,0,5.8239613,0,0,0
"279","2025-19",0,0,0,0,0,0,0,0,0,0,8.064708,0,0,0,6.891156,4.5572715,0,0,0,0,0,0,0,0,0,NA,0,0,0,4.4118867,0,0,0,0,0,0,0,0,0,0,0,0,0,0,0,0,0,0,0,0,0,0,0,0,0,0,0,0,0,0,0,0,0,0,0,0,0,0,1.9006128,0,0,0,0,0,0,0,0,0,0,0,4.3983088,0
"280","2025-20",3.7390559,4.9841285,3.2070851,3.5669897,4.152477,5.4127645,5.1092315,0,4.034584,3.748828,8.588004,0,2.978879,0,0,9.59272,3.5320723,3.8704243,6.859417,4.0768533,3.1754997,8.740855,3.105291,7.504689,3.6025302,NA,3.428756,0,0,4.4118867,0,5.91839,0,4.382416,6.9190187,0,0,0,0,3.5320723,6.3879848,4.978297,3.6117897,0,3.6826272,0,4.815935,3.8885279,16.028746,3.6735604,10.756084,3.9585872,0,3.4729116,2.8958235,4.818527,8.536113,5.2169375,5.2179723,0,3.6117897,3.1754997,4.893889,3.4944546,3.5693746,8.526897,3.6794965,4.034584,0,3.4944546,0,3.4171352,0,0,6.141659,3.4944546,2.7470036,0,4.4668303,0,4.3983088,4.178699
"281","2025-21",0,0,0,0,0,0,0,0,0,0,0,0,0,0,8.386821,11.996232,0,0,0,0,0,6.0327816,0,0,0,NA,0,0,0,0,4.4441147,0,0,0,0,0,0,0,0,0,0,0,0,0,0,0,0,0,0,0,0,0,0,0,0,0,0,8.382453,0,0,0,0,0,0,0,0,0,0,0,0,0,0,0,2.2653308,0,0,0,0,0,0,0,0
"282","2025-22",0,0,0,0,0,0,0,0,0,0,0,0,0,0,0,0,0,0,0,0,0,0,0,0,0,NA,0,0,0,0,0,0,0,0,0,0,0,0,0,0,0,0,0,0,0,0,0,0,7.0014124,0,0,0,0,0,0,0,0,0,0,0,0,0,0,0,0,0,0,0,0,0,0,0,0,0,0,0,0,0,0,0,0,3.2508023
"283","2025-23",0,6.483285,8.904839,0,0,0,0,10.3167305,7.3261466,0,0,0,0,0,0,0,0,0,0,0,0,0,5.462356,0,6.43931,NA,0,0,0,6.759348,7.8564205,0,0,0,0,0,0,0,0,0,0,0,6.250395,8.966652,0,0,6.788521,0,0,0,0,0,0,0,0,6.943463,0,0,0,0,6.250395,0,0,5.1744423,7.3085613,0,0,7.3261466,0,5.1744423,0,0,0,0,0,5.1744423,0,0,0,0,8.060786,0
"284","2025-24",12.442153,5.046184,6.1920037,4.985275,3.0411143,6.1742153,7.920134,16.762966,5.5166593,4.8285456,10.356042,10.603407,3.5009816,16.887768,7.2801166,11.962728,4.649416,4.150139,5.401641,4.5134916,4.78647,6.591832,4.7026954,6.31872,4.728679,NA,6.3942766,7.1837554,7.857762,4.7266088,15.79497,4.2712064,0,5.1003976,6.2879343,0,4.640778,5.046035,6.681497,4.649416,7.6833496,5.4573445,4.3666315,13.756594,5.78873,17.627363,3.7366576,6.959709,9.091157,7.5051074,6.0001373,5.039744,9.22803,6.604135,6.7018456,5.097401,3.3819718,6.6019745,5.110383,5.081843,4.3666315,4.78647,8.954815,4.244713,4.368369,7.612142,4.8050737,5.5166593,10.805303,4.244713,0,6.2358317,8.475993,6.557449,6.393014,4.244713,10.863844,5.7697067,6.640239,5.940112,4.3892736,6.2129292
"285","2025-25",0,0,0,0,0,0,7.625064,0,0,0,6.1790733,0,0,4.9520392,0,0,0,0,0,0,0,6.8601766,0,5.598238,0,NA,8.387025,5.881,0,0,0,0,0,0,0,0,0,0,0,0,5.57687,7.3792458,0,0,6.029115,0,0,5.901755,0,7.4229946,0,0,0,8.048196,4.1728816,6.984728,0,0,8.715054,7.208265,0,0,7.9398837,0,0,6.9215093,0,0,0,0,0,7.280201,8.419529,0,0,0,5.1460056,0,7.32546,3.3645494,0,7.61174
"286","2025-26",0,7.6201687,6.9687815,5.9915614,0,9.988978,8.536322,0,6.665097,4.8100667,7.741847,0,5.4881244,0,0,6.035163,6.8097,6.581553,8.304184,6.017327,4.857058,0,4.672292,0,6.823051,NA,8.387025,0,0,5.689516,0,9.046916,0,7.793435,8.432764,0,0,0,0,6.8097,0,11.913253,5.3628144,3.8816898,9.802024,0,0,0,6.266325,8.754085,0,10.408747,8.225338,10.070202,0,9.531754,8.6755295,10.234472,9.326211,0,5.3628144,4.857058,0,4.716496,5.241832,8.268929,4.7556605,6.665097,0,4.716496,0,7.654565,0,6.279563,9.395039,4.716496,3.8346233,7.9474764,6.396022,6.729099,7.5769725,8.40906
"287","2025-27",2.9485729,5.1230106,5.263508,4.1756744,4.147507,4.518102,4.853304,1.5346987,5.6333537,3.9239628,4.6168966,0.8293697,3.4086275,1.5283949,3.8400867,7.5817013,4.3557954,3.5688214,5.5297823,4.471909,3.734593,4.835621,3.7138677,3.7111208,5.6927733,NA,6.508349,5.2706575,10.878227,5.984579,1.4198549,6.7383413,1.1597092,5.2624307,4.5594363,0.91469467,4.139582,4.756914,2.0172708,4.3557954,6.252434,4.6581006,5.3762774,1.4688995,4.9972386,1.0047579,5.271253,4.466408,7.393004,5.210853,11.994366,4.3141646,13.178969,6.2740707,2.388226,4.824539,8.821333,7.064755,9.432117,11.283252,5.3762774,3.734593,6.083955,4.204145,4.780493,7.9815273,4.074071,5.6333537,0.77650946,4.204145,14.751785,6.525264,5.860511,4.6019382,5.978425,4.204145,4.1134562,2.83467,3.6745136,2.3702579,6.275396,7.104569
"288","2025-28",0,0,0,0,0,0,0,0,0,0,0,0,0,0,0,0,0,0,0,0,0,0,0,0,0,NA,0,0,0,0,0,0,0,0,0,0,0,0,0,0,0,0,0,0,0,0,0,0,0,0,0,0,0,0,0,0,0,0,0,0,0,0,0,0,0,0,0,0,0,0,0,0,0,0,0,0,0,0,0,0,0,0
"289","2025-29",0,0,0,0,0,0,0,0,0,0,0,0,0,0,0,0,0,0,0,0,0,0,0,0,0,NA,0,0,0,0,0,0,0,0,0,0,0,0,0,0,0,0,0,0,0,0,0,0,0,0,0,0,0,0,0,0,0,0,0,0,0,0,0,0,0,0,0,0,0,0,0,0,0,0,0,0,0,0,0,0,0,0
"290","2025-30",0,0,0,0,0,0,0,0,0,0,0,0,0,0,0,0,0,0,0,0,0,0,0,0,0,NA,0,0,0,0,0,0,0,0,0,0,0,0,0,0,0,0,0,0,0,0,0,0,0,0,0,0,0,0,0,0,0,0,0,0,0,0,0,0,0,0,0,0,0,0,0,0,0,0,0,0,0,0,0,0,0,0
"291","2025-31",0,0,0,0,0,0,0,0,0,0,0,0,0,0,0,0,0,0,0,0,0,0,0,0,0,NA,0,0,0,0,0,0,0,0,0,0,0,0,0,0,0,0,0,0,0,0,0,0,0,0,0,5.270251,0,0,0,0,0,0,0,0,0,0,0,0,0,0,0,0,0,0,0,0,0,0,6.954237,0,0,0,0,0,0,0
"292","2025-32",0,0,0,0,0,0,0,0,0,0,0,0,0,0,0,0,0,0,0,0,0,0,0,0,0,NA,0,0,0,0,0,0,0,0,0,0,0,0,0,0,0,0,0,0,0,0,0,0,0,0,0,0,0,0,0,0,0,0,0,0,0,0,0,0,0,0,0,0,0,0,0,0,0,0,0,0,0,0,0,0,0,0
"293","2025-33",0,0,0,0,0,0,0,0,0,0,0,0,0,0,0,0,0,0,0,0,0,0,0,0,0,NA,0,0,0,0,0,0,0,0,0,0,0,0,0,0,0,0,0,0,0,0,0,0,0,0,0,0,0,0,0,0,0,0,0,0,0,0,0,0,0,0,0,0,0,0,0,0,0,0,0,0,0,0,0,0,0,0
"294","2025-34",0,0,0,0,0,0,0,0,0,0,0,0,0,0,0,0,0,0,0,0,0,0,0,0,0,NA,0,0,0,0,0,0,0,0,0,0,0,0,0,0,0,0,0,0,0,0,0,0,0,0,0,3.9856462,0,0,0,0,0,3.905777,0,0,0,0,0,0,0,0,0,0,0,0,0,0,0,0,0,0,0,0,0,0,0,0
"295","2025-35",0,0,0,0,0,0,0,0,0,0,0,0,0,0,0,0,0,0,0,0,0,0,0,0,0,NA,0,0,0,0,0,0,0,0,0,0,0,0,0,0,0,0,0,0,0,0,0,0,0,0,0,0,4.418459,0,0,0,0,0,0,0,0,0,0,0,0,0,0,0,0,0,0,0,0,0,0,0,0,0,0,0,0,0
"296","2025-36",3.4673374,0,0,0,0,0,7.5220275,0,0,0,9.171512,0,0,0,5.1146197,0,0,0,0,0,3.6051636,5.4163885,0,6.072634,0,NA,0,0,0,0,0,0,0,0,0,0,0,0,0,0,6.786105,5.192185,0,0,0,0,0,5.451207,7.6414337,7.7412033,0,4.7785954,0,0,0,6.166464,0,0,0,0,0,3.6051636,7.318254,0,0,5.5589814,0,0,0,0,0,0,0,0,0,0,0,0,6.1947727,0,0,0
"297","2025-37",0,0,0,0,0,10.514212,0,0,0,0,0,0,0,0,0,0,0,0,0,0,0,7.8859253,0,0,0,NA,0,0,0,0,0,12.272259,0,0,0,0,0,0,0,0,12.738136,11.295299,0,0,0,5.629789,0,0,0,0,0,0,0,0,0,0,0,0,0,0,0,0,10.838013,0,0,14.690569,0,0,0,0,0,0,0,0,0,0,0,0,0,3.675412,0,11.369182
"298","2025-38",4.233217,0,0,0,0,0,8.872239,0,0,0,0,0,0,0,4.976389,0,0,6.060881,0,0,0,0,0,0,0,NA,0,0,0,0,0,0,0,0,0,0,0,0,0,0,6.8837113,0,0,0,0,5.560874,0,6.5060782,0,0,0,0,0,0,0,0,0,0,0,0,0,0,7.878361,0,0,0,0,0,0,0,0,0,0,0,0,0,0,0,0,0,0,0
"299","2025-39",18.050646,7.383643,0,0,0,8.404984,6.0518513,0,0,0,7.1463675,0,0,10.464818,0,0,0,0,0,0,0,5.947313,0,0,0,NA,0,0,0,0,0,0,0,0,6.280357,0,0,0,0,0,8.978299,5.9316807,0,0,6.858346,0,0,6.2056823,0,7.153879,0,0,0,0,0,0,0,0,0,0,0,0,8.74096,0,0,7.177005,0,0,0,0,0,0,0,0,0,0,10.46892,0,0,0,0,7.288036
"300","2025-40",18.050646,0,16.623219,11.16012,7.850565,11.598126,9.025502,8.542465,12.300269,9.086757,0,12.027414,6.2698593,10.464818,21.17134,0,9.161452,12.0735235,0,0,8.642642,7.244541,9.515802,0,9.462675,NA,0,0,0,10.979608,16.345814,8.387084,10.056512,11.324479,0,12.861483,0,0,0,9.161452,22.327173,9.087933,8.64964,13.374158,9.450962,17.635122,12.245596,0,11.160323,10.628307,13.650501,0,7.39963,17.228216,11.094449,12.3051605,9.678146,0,8.947536,6.266637,8.64964,8.642642,9.998135,9.447996,9.10895,18.32756,9.202086,12.300269,9.619411,9.447996,0,10.511553,0,8.786194,0,9.447996,0,0,0,12.302232,12.050704,0
